{
"type": "FeatureCollection",
"name": "netherlands_roman",
"crs": { "type": "name", "properties": { "name": "urn:ogc:def:crs:OGC:1.3:CRS84" } },
"features": [
{ "type": "Feature", "properties": { "id": 1, "code": "GM0014", "areaname": "Groningen", "area_large": 193756465.79002172, "area_small": null, "surface_in_emp": null, "in_empire": null, "distance_from_border": 114074.7572191449 }, "geometry": { "type": "MultiPolygon", "coordinates": [ [ [ [ 6.7725268, 53.2830866 ], [ 6.6983304, 53.2561449 ], [ 6.708847, 53.2353269 ], [ 6.7088706, 53.2351772 ], [ 6.6982453, 53.2146675 ], [ 6.6848512, 53.2115928 ], [ 6.6394681, 53.1859807 ], [ 6.6887142, 53.1546111 ], [ 6.6953669, 53.121176 ], [ 6.6348363, 53.1062021 ], [ 6.6273356, 53.1228332 ], [ 6.581497, 53.1635307 ], [ 6.5636875, 53.1576384 ], [ 6.5481883, 53.1810976 ], [ 6.5295289, 53.1951949 ], [ 6.513386, 53.196937 ], [ 6.4857168, 53.2038213 ], [ 6.4634614, 53.2000582 ], [ 6.4804746, 53.2455055 ], [ 6.5082404, 53.2575741 ], [ 6.552397, 53.2621786 ], [ 6.619297, 53.2494479 ], [ 6.6540534, 53.3086446 ], [ 6.6897355, 53.2975395 ], [ 6.709004, 53.3101185 ], [ 6.7646206, 53.2981344 ], [ 6.7725268, 53.2830866 ] ] ] ] } },
{ "type": "Feature", "properties": { "id": 2, "code": "GM0034", "areaname": "Almere", "area_large": 141345387.47775561, "area_small": 2418599.8400726914, "surface_in_emp": 0.017111275318080835, "in_empire": 0.0, "distance_from_border": 0.0 }, "geometry": { "type": "MultiPolygon", "coordinates": [ [ [ [ 5.3507724, 52.4002087 ], [ 5.3012445, 52.3819864 ], [ 5.3791561, 52.3141086 ], [ 5.351501, 52.3092354 ], [ 5.3335048, 52.3142737 ], [ 5.3171723, 52.3035648 ], [ 5.3139032, 52.3031009 ], [ 5.3134128, 52.3033733 ], [ 5.2988456, 52.3118711 ], [ 5.2398281, 52.3292578 ], [ 5.184233, 52.335318 ], [ 5.1388226, 52.3255185 ], [ 5.1383243, 52.3259017 ], [ 5.124677, 52.3807866 ], [ 5.1616805, 52.39983 ], [ 5.2584242, 52.4354255 ], [ 5.2758124, 52.4233169 ], [ 5.3507724, 52.4002087 ] ] ] ] } },
{ "type": "Feature", "properties": { "id": 3, "code": "GM0037", "areaname": "Stadskanaal", "area_large": 121754152.38217378, "area_small": null, "surface_in_emp": null, "in_empire": null, "distance_from_border": 115763.90976825905 }, "geometry": { "type": "MultiPolygon", "coordinates": [ [ [ [ 7.0154459, 53.0717741 ], [ 7.033648, 53.0647479 ], [ 7.0768804, 53.0636906 ], [ 7.0861194, 53.0423469 ], [ 7.0803778, 53.0297495 ], [ 7.1000135, 53.0164444 ], [ 7.0720582, 53.0037867 ], [ 7.0699361, 52.9531891 ], [ 7.063426, 52.9309705 ], [ 7.0362998, 52.929266 ], [ 7.0268544, 52.919037 ], [ 7.0156977, 52.9248157 ], [ 6.9429273, 52.9873318 ], [ 6.9366106, 52.9927596 ], [ 6.9356848, 52.9933525 ], [ 6.8612874, 53.040874 ], [ 6.8814434, 53.0466188 ], [ 6.9077028, 53.038881 ], [ 6.935854, 53.0196229 ], [ 6.95579, 53.0138607 ], [ 7.0101334, 53.0737017 ], [ 7.0154459, 53.0717741 ] ] ] ] } },
{ "type": "Feature", "properties": { "id": 4, "code": "GM0047", "areaname": "Veendam", "area_large": 78299593.012075305, "area_small": null, "surface_in_emp": null, "in_empire": null, "distance_from_border": 117448.09432554548 }, "geometry": { "type": "MultiPolygon", "coordinates": [ [ [ [ 6.9617353, 53.1100213 ], [ 6.9605981, 53.0958013 ], [ 6.9305945, 53.0728516 ], [ 6.9333435, 53.0496128 ], [ 6.9077028, 53.038881 ], [ 6.8814434, 53.0466188 ], [ 6.8612874, 53.040874 ], [ 6.8139447, 53.0709716 ], [ 6.801674, 53.1191717 ], [ 6.8231011, 53.126219 ], [ 6.8659289, 53.1243873 ], [ 6.8862536, 53.1285995 ], [ 6.9593391, 53.1201759 ], [ 6.9617353, 53.1100213 ] ] ] ] } },
{ "type": "Feature", "properties": { "id": 5, "code": "GM0050", "areaname": "Zeewolde", "area_large": 253523367.6259408, "area_small": 1986670.98802948, "surface_in_emp": 0.0078362440773534492, "in_empire": 0.0, "distance_from_border": 0.0 }, "geometry": { "type": "MultiPolygon", "coordinates": [ [ [ [ 5.58907, 52.4111866 ], [ 5.6229832, 52.4088016 ], [ 5.6146693, 52.3705259 ], [ 5.6153187, 52.3626141 ], [ 5.6140339, 52.3622504 ], [ 5.5638162, 52.3675725 ], [ 5.5383486, 52.3501257 ], [ 5.5525175, 52.3209263 ], [ 5.5286984, 52.2749258 ], [ 5.4714472, 52.2635407 ], [ 5.4698134, 52.2632473 ], [ 5.4096454, 52.2526125 ], [ 5.3850961, 52.2640422 ], [ 5.3171723, 52.3035648 ], [ 5.3335048, 52.3142737 ], [ 5.351501, 52.3092354 ], [ 5.3791561, 52.3141086 ], [ 5.3012445, 52.3819864 ], [ 5.3507724, 52.4002087 ], [ 5.3975329, 52.4198405 ], [ 5.4386083, 52.4426311 ], [ 5.5089916, 52.3976624 ], [ 5.5372979, 52.3850001 ], [ 5.5780142, 52.4099679 ], [ 5.58907, 52.4111866 ] ] ] ] } },
{ "type": "Feature", "properties": { "id": 6, "code": "GM0059", "areaname": "Achtkarspelen", "area_large": 103826991.69790339, "area_small": null, "surface_in_emp": null, "in_empire": null, "distance_from_border": 102529.12205346979 }, "geometry": { "type": "MultiPolygon", "coordinates": [ [ [ [ 6.232173, 53.2567474 ], [ 6.2179782, 53.2419321 ], [ 6.2299884, 53.2178184 ], [ 6.1998306, 53.1953227 ], [ 6.1767504, 53.1595045 ], [ 6.1222086, 53.1452727 ], [ 6.105013, 53.1517994 ], [ 6.1145934, 53.1759776 ], [ 6.0853042, 53.1942231 ], [ 6.086289, 53.215026 ], [ 6.0273952, 53.2301643 ], [ 6.0197907, 53.240914 ], [ 6.0439656, 53.2435025 ], [ 6.1410583, 53.2643829 ], [ 6.1778642, 53.2600747 ], [ 6.1951519, 53.2696083 ], [ 6.232173, 53.2567474 ] ] ] ] } },
{ "type": "Feature", "properties": { "id": 7, "code": "GM0060", "areaname": "Ameland", "area_large": 58647166.094654083, "area_small": null, "surface_in_emp": null, "in_empire": null, "distance_from_border": 114838.25125731385 }, "geometry": { "type": "MultiPolygon", "coordinates": [ [ [ [ 5.7310964, 53.4616338 ], [ 5.7714548, 53.4604948 ], [ 5.8836102, 53.4667895 ], [ 5.9598082, 53.4679778 ], [ 5.9365616, 53.4572966 ], [ 5.8049726, 53.4375434 ], [ 5.7300068, 53.4430247 ], [ 5.7032812, 53.4297798 ], [ 5.6702855, 53.4231975 ], [ 5.6297302, 53.4303483 ], [ 5.6156639, 53.4534357 ], [ 5.6454915, 53.4692748 ], [ 5.7310964, 53.4616338 ] ] ] ] } },
{ "type": "Feature", "properties": { "id": 8, "code": "GM0072", "areaname": "Harlingen", "area_large": 26158524.280339062, "area_small": null, "surface_in_emp": null, "in_empire": null, "distance_from_border": 80624.993162954022 }, "geometry": { "type": "MultiPolygon", "coordinates": [ [ [ [ 5.4721918, 53.1466145 ], [ 5.4115983, 53.151939 ], [ 5.4108604, 53.1759826 ], [ 5.4379893, 53.2098381 ], [ 5.4580075, 53.200071 ], [ 5.4851126, 53.1998826 ], [ 5.4802373, 53.1759608 ], [ 5.4866842, 53.165016 ], [ 5.4721918, 53.1466145 ] ] ] ] } },
{ "type": "Feature", "properties": { "id": 9, "code": "GM0074", "areaname": "Heerenveen", "area_large": 200849936.26084292, "area_small": null, "surface_in_emp": null, "in_empire": null, "distance_from_border": 73866.556917074849 }, "geometry": { "type": "MultiPolygon", "coordinates": [ [ [ [ 5.9275805, 53.0783948 ], [ 5.9473282, 53.0624802 ], [ 5.9428622, 53.0412835 ], [ 5.9844837, 53.0252852 ], [ 5.97961, 52.9978111 ], [ 5.9581051, 52.9729354 ], [ 6.0188038, 52.9660893 ], [ 6.0443469, 52.9662366 ], [ 6.0698437, 52.9742338 ], [ 6.1315535, 53.0120055 ], [ 6.1764703, 53.0209316 ], [ 6.2054236, 53.0379309 ], [ 6.2022059, 52.9903104 ], [ 6.1586278, 52.9758448 ], [ 6.127871, 52.9533979 ], [ 6.0848477, 52.9362745 ], [ 6.0382027, 52.9179704 ], [ 6.0022417, 52.9340043 ], [ 5.9591596, 52.9274603 ], [ 5.9378469, 52.9117404 ], [ 5.8974156, 52.963077 ], [ 5.8709706, 52.9644416 ], [ 5.8672152, 52.9786217 ], [ 5.8872674, 52.9815151 ], [ 5.8661269, 52.9997965 ], [ 5.8576031, 53.0170083 ], [ 5.797947, 53.0498087 ], [ 5.796386, 53.0588393 ], [ 5.8192743, 53.0758621 ], [ 5.8746433, 53.0850702 ], [ 5.8954178, 53.0788373 ], [ 5.9275805, 53.0783948 ] ] ] ] } },
{ "type": "Feature", "properties": { "id": 10, "code": "GM0080", "areaname": "Leeuwarden", "area_large": 258209492.23401374, "area_small": null, "surface_in_emp": null, "in_empire": null, "distance_from_border": 83715.977832746401 }, "geometry": { "type": "MultiPolygon", "coordinates": [ [ [ [ 5.8386492, 53.2749493 ], [ 5.832161, 53.2428566 ], [ 5.8592413, 53.2432927 ], [ 5.8798923, 53.2332488 ], [ 5.8978917, 53.2086972 ], [ 5.8577276, 53.2040633 ], [ 5.8536727, 53.188937 ], [ 5.8619369, 53.1715187 ], [ 5.9259452, 53.1684274 ], [ 5.931918, 53.1610841 ], [ 5.9086288, 53.1447805 ], [ 5.9434597, 53.121614 ], [ 5.9329406, 53.1094557 ], [ 5.8820058, 53.1069395 ], [ 5.8825665, 53.0934883 ], [ 5.8783609, 53.0909614 ], [ 5.8746433, 53.0850702 ], [ 5.8192743, 53.0758621 ], [ 5.796386, 53.0588393 ], [ 5.7710118, 53.0469677 ], [ 5.7660838, 53.0613882 ], [ 5.7750539, 53.0666442 ], [ 5.7713839, 53.0891059 ], [ 5.7882293, 53.0965941 ], [ 5.7574489, 53.1127155 ], [ 5.7305598, 53.1205391 ], [ 5.6961081, 53.1199419 ], [ 5.680037, 53.1285755 ], [ 5.6565101, 53.1123655 ], [ 5.6373479, 53.1241491 ], [ 5.6541243, 53.141639 ], [ 5.6587002, 53.1683163 ], [ 5.684642, 53.1818258 ], [ 5.7377861, 53.1725467 ], [ 5.7445742, 53.1978048 ], [ 5.7360902, 53.2060847 ], [ 5.7297688, 53.2352544 ], [ 5.7336196, 53.248514 ], [ 5.7213577, 53.2795722 ], [ 5.7353836, 53.294721 ], [ 5.7632838, 53.2944911 ], [ 5.8169084, 53.2763891 ], [ 5.8386492, 53.2749493 ] ] ] ] } },
{ "type": "Feature", "properties": { "id": 11, "code": "GM0085", "areaname": "Ooststellingwerf", "area_large": 226379106.34238017, "area_small": null, "surface_in_emp": null, "in_empire": null, "distance_from_border": 78193.052856912676 }, "geometry": { "type": "MultiPolygon", "coordinates": [ [ [ [ 6.4132798, 52.9855229 ], [ 6.4276147, 52.9718154 ], [ 6.3934358, 52.9328434 ], [ 6.3690262, 52.9219756 ], [ 6.3332805, 52.9063561 ], [ 6.3029853, 52.9249724 ], [ 6.2565931, 52.9276412 ], [ 6.2472587, 52.9233474 ], [ 6.2136301, 52.9257945 ], [ 6.2008359, 52.9390334 ], [ 6.1446682, 52.9280919 ], [ 6.1105447, 52.9132441 ], [ 6.0848477, 52.9362745 ], [ 6.127871, 52.9533979 ], [ 6.1586278, 52.9758448 ], [ 6.2022059, 52.9903104 ], [ 6.2054236, 53.0379309 ], [ 6.2128517, 53.0362357 ], [ 6.2805308, 53.0582107 ], [ 6.2814298, 53.0641866 ], [ 6.3320553, 53.0752794 ], [ 6.3678105, 53.06736 ], [ 6.3625214, 53.033969 ], [ 6.4132798, 52.9855229 ] ] ] ] } },
{ "type": "Feature", "properties": { "id": 12, "code": "GM0086", "areaname": "Opsterland", "area_large": 225525667.4388696, "area_small": null, "surface_in_emp": null, "in_empire": null, "distance_from_border": 80718.781247211373 }, "geometry": { "type": "MultiPolygon", "coordinates": [ [ [ [ 6.3151574, 53.0940528 ], [ 6.3052738, 53.0811895 ], [ 6.3320553, 53.0752794 ], [ 6.2814298, 53.0641866 ], [ 6.2805308, 53.0582107 ], [ 6.2128517, 53.0362357 ], [ 6.2054236, 53.0379309 ], [ 6.1764703, 53.0209316 ], [ 6.1315535, 53.0120055 ], [ 6.0698437, 52.9742338 ], [ 6.0443469, 52.9662366 ], [ 6.0188038, 52.9660893 ], [ 5.9581051, 52.9729354 ], [ 5.97961, 52.9978111 ], [ 5.9844837, 53.0252852 ], [ 5.9428622, 53.0412835 ], [ 5.9473282, 53.0624802 ], [ 5.9275805, 53.0783948 ], [ 5.9809437, 53.0775655 ], [ 6.0024703, 53.0806528 ], [ 6.024399, 53.0733609 ], [ 6.0893205, 53.0710135 ], [ 6.1035937, 53.0770052 ], [ 6.1256595, 53.1014696 ], [ 6.1857167, 53.1292134 ], [ 6.2056098, 53.1154665 ], [ 6.2616846, 53.1142927 ], [ 6.2905656, 53.0998291 ], [ 6.3151574, 53.0940528 ] ] ] ] } },
{ "type": "Feature", "properties": { "id": 13, "code": "GM0088", "areaname": "Schiermonnikoog", "area_large": 37362461.343462944, "area_small": null, "surface_in_emp": null, "in_empire": null, "distance_from_border": 135840.56614525028 }, "geometry": { "type": "MultiPolygon", "coordinates": [ [ [ [ 6.3807065, 53.5115808 ], [ 6.273809, 53.4885801 ], [ 6.2522318, 53.4779759 ], [ 6.1968204, 53.4724035 ], [ 6.1303888, 53.4744726 ], [ 6.1391848, 53.4914569 ], [ 6.1549305, 53.500059 ], [ 6.2892602, 53.5085401 ], [ 6.3669211, 53.517355 ], [ 6.3807065, 53.5115808 ] ] ] ] } },
{ "type": "Feature", "properties": { "id": 14, "code": "GM0090", "areaname": "Smallingerland", "area_large": 125707801.3289203, "area_small": null, "surface_in_emp": null, "in_empire": null, "distance_from_border": 90675.292894888276 }, "geometry": { "type": "MultiPolygon", "coordinates": [ [ [ [ 6.1857167, 53.1292134 ], [ 6.1256595, 53.1014696 ], [ 6.1035937, 53.0770052 ], [ 6.0893205, 53.0710135 ], [ 6.024399, 53.0733609 ], [ 6.0024703, 53.0806528 ], [ 5.9809437, 53.0775655 ], [ 5.9275805, 53.0783948 ], [ 5.8954178, 53.0788373 ], [ 5.8746433, 53.0850702 ], [ 5.8783609, 53.0909614 ], [ 5.8825665, 53.0934883 ], [ 5.8820058, 53.1069395 ], [ 5.9329406, 53.1094557 ], [ 5.9434597, 53.121614 ], [ 6.0130983, 53.1545368 ], [ 6.0789316, 53.1564552 ], [ 6.105013, 53.1517994 ], [ 6.1222086, 53.1452727 ], [ 6.1767504, 53.1595045 ], [ 6.1756776, 53.1350764 ], [ 6.1857167, 53.1292134 ] ] ] ] } },
{ "type": "Feature", "properties": { "id": 15, "code": "GM0093", "areaname": "Terschelling", "area_large": 82864954.79295826, "area_small": null, "surface_in_emp": null, "in_empire": null, "distance_from_border": 94112.447879364438 }, "geometry": { "type": "MultiPolygon", "coordinates": [ [ [ [ 5.4697845, 53.406515 ], [ 5.3839165, 53.4019703 ], [ 5.3567927, 53.3877694 ], [ 5.2934979, 53.3704393 ], [ 5.2568124, 53.3727279 ], [ 5.2214656, 53.3644114 ], [ 5.1957148, 53.3497689 ], [ 5.1552621, 53.3551801 ], [ 5.1652476, 53.3698011 ], [ 5.1935413, 53.3925494 ], [ 5.2512259, 53.4040896 ], [ 5.3760495, 53.4231232 ], [ 5.4727471, 53.4411601 ], [ 5.5110568, 53.4452746 ], [ 5.5409565, 53.4332743 ], [ 5.476335, 53.4174739 ], [ 5.4697845, 53.406515 ] ] ] ] } },
{ "type": "Feature", "properties": { "id": 16, "code": "GM0096", "areaname": "Vlieland", "area_large": 35232524.50855732, "area_small": null, "surface_in_emp": null, "in_empire": null, "distance_from_border": 73560.224050069039 }, "geometry": { "type": "MultiPolygon", "coordinates": [ [ [ [ 5.1004125, 53.3008564 ], [ 5.0629627, 53.2939957 ], [ 5.0333289, 53.2810376 ], [ 4.9720388, 53.264835 ], [ 4.9785777, 53.2517635 ], [ 4.9194078, 53.2162197 ], [ 4.8830805, 53.2176019 ], [ 4.8657366, 53.2066312 ], [ 4.8535677, 53.2220104 ], [ 4.9330934, 53.2554796 ], [ 4.9605101, 53.2711286 ], [ 5.0362528, 53.3019945 ], [ 5.0639905, 53.3078442 ], [ 5.1004125, 53.3008564 ] ] ] ] } },
{ "type": "Feature", "properties": { "id": 17, "code": "GM0098", "areaname": "Weststellingwerf", "area_large": 231555117.25978422, "area_small": null, "surface_in_emp": null, "in_empire": null, "distance_from_border": 60526.095948878239 }, "geometry": { "type": "MultiPolygon", "coordinates": [ [ [ [ 6.1198199, 52.8542149 ], [ 6.0311684, 52.8149907 ], [ 5.9965079, 52.8165615 ], [ 5.9724381, 52.8419167 ], [ 5.9301577, 52.8350129 ], [ 5.924202, 52.8235898 ], [ 5.8762922, 52.8008549 ], [ 5.8435936, 52.8050325 ], [ 5.8197442, 52.8172784 ], [ 5.8569588, 52.8709753 ], [ 5.886017, 52.8942394 ], [ 5.9111634, 52.8978275 ], [ 5.9378469, 52.9117404 ], [ 5.9591596, 52.9274603 ], [ 6.0022417, 52.9340043 ], [ 6.0382027, 52.9179704 ], [ 6.0848477, 52.9362745 ], [ 6.1105447, 52.9132441 ], [ 6.1446682, 52.9280919 ], [ 6.2008359, 52.9390334 ], [ 6.2136301, 52.9257945 ], [ 6.2472587, 52.9233474 ], [ 6.2069, 52.8907439 ], [ 6.1198199, 52.8542149 ] ] ] ] } },
{ "type": "Feature", "properties": { "id": 18, "code": "GM0106", "areaname": "Assen", "area_large": 84399449.483387232, "area_small": null, "surface_in_emp": null, "in_empire": null, "distance_from_border": 94376.893731402219 }, "geometry": { "type": "MultiPolygon", "coordinates": [ [ [ [ 6.6312214, 53.0261052 ], [ 6.5960435, 52.972658 ], [ 6.5812653, 52.9674491 ], [ 6.5615048, 52.9466521 ], [ 6.5429975, 52.9553382 ], [ 6.5359147, 52.9325906 ], [ 6.4969717, 52.9515661 ], [ 6.4855021, 52.9729846 ], [ 6.4965952, 52.9832394 ], [ 6.488212, 53.0054053 ], [ 6.503873, 53.0160416 ], [ 6.4955278, 53.0308977 ], [ 6.5051301, 53.0463548 ], [ 6.5242292, 53.0458802 ], [ 6.5473068, 53.035067 ], [ 6.5552133, 53.0586081 ], [ 6.6001774, 53.0607663 ], [ 6.6035491, 53.0329564 ], [ 6.6312214, 53.0261052 ] ] ] ] } },
{ "type": "Feature", "properties": { "id": 19, "code": "GM0109", "areaname": "Coevorden", "area_large": 297294433.18882805, "area_small": null, "surface_in_emp": null, "in_empire": null, "distance_from_border": 77476.504882797686 }, "geometry": { "type": "MultiPolygon", "coordinates": [ [ [ [ 6.8498058, 52.8046339 ], [ 6.8310471, 52.7781624 ], [ 6.8396941, 52.7609963 ], [ 6.8263628, 52.7308834 ], [ 6.8408707, 52.699571 ], [ 6.8488061, 52.699374 ], [ 6.8618752, 52.6496909 ], [ 6.82164, 52.6476934 ], [ 6.7774309, 52.6516608 ], [ 6.741984, 52.6453329 ], [ 6.7100531, 52.6278203 ], [ 6.708334, 52.6487589 ], [ 6.6294532, 52.6696882 ], [ 6.6299373, 52.7127222 ], [ 6.5957948, 52.7132178 ], [ 6.5874674, 52.7356899 ], [ 6.6608794, 52.8012326 ], [ 6.6751139, 52.7971358 ], [ 6.6923981, 52.8107525 ], [ 6.6902106, 52.822672 ], [ 6.7075981, 52.8363922 ], [ 6.7040532, 52.8469779 ], [ 6.7283798, 52.8538237 ], [ 6.7145639, 52.8681588 ], [ 6.7363371, 52.8786913 ], [ 6.765601, 52.8499256 ], [ 6.8269407, 52.8197523 ], [ 6.8498058, 52.8046339 ] ] ] ] } },
{ "type": "Feature", "properties": { "id": 20, "code": "GM0114", "areaname": "Emmen", "area_large": 345797123.17521286, "area_small": null, "surface_in_emp": null, "in_empire": null, "distance_from_border": 87405.000590304902 }, "geometry": { "type": "MultiPolygon", "coordinates": [ [ [ [ 7.0927397, 52.8381961 ], [ 7.0715512, 52.8104212 ], [ 7.0641509, 52.7232026 ], [ 7.0547552, 52.6444227 ], [ 7.0417328, 52.6327101 ], [ 6.9749296, 52.6461079 ], [ 6.9386031, 52.6378853 ], [ 6.8971797, 52.6513713 ], [ 6.8618752, 52.6496909 ], [ 6.8488061, 52.699374 ], [ 6.8408707, 52.699571 ], [ 6.8263628, 52.7308834 ], [ 6.8396941, 52.7609963 ], [ 6.8310471, 52.7781624 ], [ 6.8498058, 52.8046339 ], [ 6.8690019, 52.8192938 ], [ 6.9499128, 52.8488033 ], [ 6.9576153, 52.8619046 ], [ 7.0147993, 52.8729866 ], [ 7.0402862, 52.8728182 ], [ 7.072193, 52.8452109 ], [ 7.0927397, 52.8381961 ] ] ] ] } },
{ "type": "Feature", "properties": { "id": 21, "code": "GM0118", "areaname": "Hoogeveen", "area_large": 127469628.96356082, "area_small": null, "surface_in_emp": null, "in_empire": null, "distance_from_border": 69346.982093184779 }, "geometry": { "type": "MultiPolygon", "coordinates": [ [ [ [ 6.5874674, 52.7356899 ], [ 6.5957948, 52.7132178 ], [ 6.6299373, 52.7127222 ], [ 6.6294532, 52.6696882 ], [ 6.6145268, 52.6740493 ], [ 6.5528214, 52.665595 ], [ 6.5293807, 52.6545073 ], [ 6.5305558, 52.6724724 ], [ 6.4995518, 52.673554 ], [ 6.4859804, 52.6936327 ], [ 6.4486766, 52.6937876 ], [ 6.4511416, 52.7069816 ], [ 6.4071676, 52.7067956 ], [ 6.4231926, 52.7430002 ], [ 6.4101401, 52.7648872 ], [ 6.4461523, 52.7760955 ], [ 6.4469203, 52.7858893 ], [ 6.4554507, 52.8005565 ], [ 6.4918051, 52.7931233 ], [ 6.490848, 52.7708834 ], [ 6.5127927, 52.7621007 ], [ 6.5662773, 52.7655769 ], [ 6.5575775, 52.7453501 ], [ 6.5874674, 52.7356899 ] ] ] ] } },
{ "type": "Feature", "properties": { "id": 22, "code": "GM0119", "areaname": "Meppel", "area_large": 57448286.904785395, "area_small": null, "surface_in_emp": null, "in_empire": null, "distance_from_border": 57020.552463568638 }, "geometry": { "type": "MultiPolygon", "coordinates": [ [ [ [ 6.2314388, 52.7417086 ], [ 6.2163198, 52.718604 ], [ 6.2169036, 52.7031577 ], [ 6.2489755, 52.708221 ], [ 6.2867002, 52.6990693 ], [ 6.2655012, 52.6679877 ], [ 6.220994, 52.6828276 ], [ 6.2016815, 52.6846203 ], [ 6.1831468, 52.6750633 ], [ 6.1629961, 52.6800618 ], [ 6.158976, 52.6921542 ], [ 6.1203762, 52.7502425 ], [ 6.172906, 52.7730543 ], [ 6.201843, 52.7293071 ], [ 6.2185558, 52.7483004 ], [ 6.2314388, 52.7417086 ] ] ] ] } },
{ "type": "Feature", "properties": { "id": 23, "code": "GM0141", "areaname": "Almelo", "area_large": 70851240.10665369, "area_small": null, "surface_in_emp": null, "in_empire": null, "distance_from_border": 50875.374327997182 }, "geometry": { "type": "MultiPolygon", "coordinates": [ [ [ [ 6.6986353, 52.3937411 ], [ 6.71271, 52.3739567 ], [ 6.7208457, 52.3412075 ], [ 6.6909402, 52.3083911 ], [ 6.6575198, 52.2948543 ], [ 6.6260663, 52.2899739 ], [ 6.6317823, 52.3017799 ], [ 6.6047628, 52.3122253 ], [ 6.6190203, 52.3261451 ], [ 6.6046734, 52.3448977 ], [ 6.6153766, 52.3628447 ], [ 6.5988512, 52.3836583 ], [ 6.6517617, 52.3987161 ], [ 6.6986353, 52.3937411 ] ] ] ] } },
{ "type": "Feature", "properties": { "id": 24, "code": "GM0147", "areaname": "Borne", "area_large": 25432596.656535149, "area_small": null, "surface_in_emp": null, "in_empire": null, "distance_from_border": 55979.174279889434 }, "geometry": { "type": "MultiPolygon", "coordinates": [ [ [ [ 6.7590354, 52.3320606 ], [ 6.7738418, 52.3189106 ], [ 6.8020388, 52.3135861 ], [ 6.7755163, 52.2931525 ], [ 6.7428865, 52.2831135 ], [ 6.7119921, 52.3036682 ], [ 6.6909402, 52.3083911 ], [ 6.7208457, 52.3412075 ], [ 6.7590354, 52.3320606 ] ] ] ] } },
{ "type": "Feature", "properties": { "id": 25, "code": "GM0148", "areaname": "Dalfsen", "area_large": 164709086.00406587, "area_small": null, "surface_in_emp": null, "in_empire": null, "distance_from_border": 39350.094867767497 }, "geometry": { "type": "MultiPolygon", "coordinates": [ [ [ [ 6.3234125, 52.5925272 ], [ 6.3615488, 52.5245308 ], [ 6.3315157, 52.5220748 ], [ 6.3440092, 52.4807171 ], [ 6.3426163, 52.4569054 ], [ 6.3710612, 52.4497112 ], [ 6.3805727, 52.4298161 ], [ 6.3494003, 52.4248516 ], [ 6.2918252, 52.4347214 ], [ 6.2782384, 52.4570432 ], [ 6.2362572, 52.4656168 ], [ 6.170092, 52.4689222 ], [ 6.1624955, 52.4743884 ], [ 6.189528, 52.4806835 ], [ 6.1829534, 52.5193354 ], [ 6.2108107, 52.5677978 ], [ 6.2021377, 52.5849485 ], [ 6.3030637, 52.5971411 ], [ 6.3234125, 52.5925272 ] ] ] ] } },
{ "type": "Feature", "properties": { "id": 26, "code": "GM0150", "areaname": "Deventer", "area_large": 136458363.75544047, "area_small": null, "surface_in_emp": null, "in_empire": null, "distance_from_border": 19853.322370024845 }, "geometry": { "type": "MultiPolygon", "coordinates": [ [ [ [ 6.3265299, 52.3016315 ], [ 6.328842, 52.281103 ], [ 6.3707753, 52.2600065 ], [ 6.3818515, 52.2461128 ], [ 6.3508918, 52.2416801 ], [ 6.3387083, 52.2271529 ], [ 6.2979423, 52.2255298 ], [ 6.2928292, 52.2308272 ], [ 6.2508711, 52.2269313 ], [ 6.1662688, 52.2310138 ], [ 6.1475099, 52.2277782 ], [ 6.1238655, 52.2514811 ], [ 6.1300691, 52.2606914 ], [ 6.1123647, 52.278305 ], [ 6.1013204, 52.3012248 ], [ 6.1083625, 52.2976668 ], [ 6.1718568, 52.3087854 ], [ 6.2056203, 52.3208551 ], [ 6.235355, 52.3198202 ], [ 6.2672386, 52.3008047 ], [ 6.3265299, 52.3016315 ] ] ] ] } },
{ "type": "Feature", "properties": { "id": 27, "code": "GM0153", "areaname": "Enschede", "area_large": 142039229.99824619, "area_small": null, "surface_in_emp": null, "in_empire": null, "distance_from_border": 56949.186218114832 }, "geometry": { "type": "MultiPolygon", "coordinates": [ [ [ [ 6.9121271, 52.2855057 ], [ 6.9391705, 52.2838694 ], [ 6.9691251, 52.2668591 ], [ 6.973028, 52.2485034 ], [ 6.9658895, 52.2304187 ], [ 6.9811001, 52.220737 ], [ 6.9512453, 52.1810579 ], [ 6.915629, 52.177614 ], [ 6.8897503, 52.1612059 ], [ 6.8279907, 52.1710065 ], [ 6.8055941, 52.1666065 ], [ 6.7668005, 52.1910649 ], [ 6.755893, 52.2173958 ], [ 6.7744339, 52.2384563 ], [ 6.8137539, 52.2294827 ], [ 6.8195385, 52.2436571 ], [ 6.8425621, 52.2539092 ], [ 6.8404916, 52.2763115 ], [ 6.8683273, 52.2729618 ], [ 6.8832074, 52.2831706 ], [ 6.9121271, 52.2855057 ] ] ] ] } },
{ "type": "Feature", "properties": { "id": 28, "code": "GM0158", "areaname": "Haaksbergen", "area_large": 105382991.53167915, "area_small": null, "surface_in_emp": null, "in_empire": null, "distance_from_border": 48094.848527650014 }, "geometry": { "type": "MultiPolygon", "coordinates": [ [ [ [ 6.7123878, 52.2063314 ], [ 6.7668005, 52.1910649 ], [ 6.8055941, 52.1666065 ], [ 6.8279907, 52.1710065 ], [ 6.8897503, 52.1612059 ], [ 6.873301, 52.1329739 ], [ 6.8554739, 52.1204621 ], [ 6.7605723, 52.1187799 ], [ 6.7162724, 52.1182704 ], [ 6.6630035, 52.1300011 ], [ 6.6743948, 52.1427745 ], [ 6.6713389, 52.1656832 ], [ 6.6450407, 52.1741943 ], [ 6.6344538, 52.1859552 ], [ 6.6720504, 52.1981867 ], [ 6.6974941, 52.196248 ], [ 6.7123878, 52.2063314 ] ] ] ] } },
{ "type": "Feature", "properties": { "id": 29, "code": "GM0160", "areaname": "Hardenberg", "area_large": 317479349.74048555, "area_small": null, "surface_in_emp": null, "in_empire": null, "distance_from_border": 55646.212757375106 }, "geometry": { "type": "MultiPolygon", "coordinates": [ [ [ [ 6.7100531, 52.6278203 ], [ 6.7272888, 52.6149279 ], [ 6.7187726, 52.5886402 ], [ 6.7666599, 52.5635327 ], [ 6.7259175, 52.563161 ], [ 6.7162642, 52.5485248 ], [ 6.6808799, 52.5533174 ], [ 6.7053325, 52.5210076 ], [ 6.6975846, 52.4862982 ], [ 6.6693013, 52.4949807 ], [ 6.6415412, 52.4712439 ], [ 6.6114212, 52.4668649 ], [ 6.5951881, 52.4803033 ], [ 6.6096435, 52.4925048 ], [ 6.5340705, 52.528444 ], [ 6.5218267, 52.5605857 ], [ 6.5049387, 52.5758854 ], [ 6.4883556, 52.569001 ], [ 6.4150152, 52.5700125 ], [ 6.4026445, 52.5914028 ], [ 6.3234125, 52.5925272 ], [ 6.3030637, 52.5971411 ], [ 6.3277977, 52.6586927 ], [ 6.3641023, 52.6431417 ], [ 6.3840842, 52.6122501 ], [ 6.4062889, 52.6205641 ], [ 6.453477, 52.6139557 ], [ 6.4640353, 52.6238758 ], [ 6.5186042, 52.6140878 ], [ 6.5138615, 52.6462938 ], [ 6.5293807, 52.6545073 ], [ 6.5528214, 52.665595 ], [ 6.6145268, 52.6740493 ], [ 6.6294532, 52.6696882 ], [ 6.708334, 52.6487589 ], [ 6.7100531, 52.6278203 ] ] ] ] } },
{ "type": "Feature", "properties": { "id": 30, "code": "GM0163", "areaname": "Hellendoorn", "area_large": 135479467.84709644, "area_small": null, "surface_in_emp": null, "in_empire": null, "distance_from_border": 37124.509254524135 }, "geometry": { "type": "MultiPolygon", "coordinates": [ [ [ [ 6.5759519, 52.4175135 ], [ 6.5160132, 52.4061281 ], [ 6.5126065, 52.3818396 ], [ 6.4955163, 52.3761804 ], [ 6.4990586, 52.3635619 ], [ 6.4681895, 52.3264622 ], [ 6.4609199, 52.3200586 ], [ 6.421896, 52.32569 ], [ 6.3560157, 52.3182188 ], [ 6.3335019, 52.3513983 ], [ 6.3430821, 52.370032 ], [ 6.3886491, 52.3803126 ], [ 6.4051695, 52.4155416 ], [ 6.3903151, 52.4281445 ], [ 6.4298998, 52.4393048 ], [ 6.4500983, 52.4612564 ], [ 6.4753094, 52.4410027 ], [ 6.5109013, 52.4371734 ], [ 6.5429949, 52.4512264 ], [ 6.5981476, 52.4390294 ], [ 6.5759519, 52.4175135 ] ] ] ] } },
{ "type": "Feature", "properties": { "id": 31, "code": "GM0164", "areaname": "Hengelo", "area_large": 60036422.593346298, "area_small": null, "surface_in_emp": null, "in_empire": null, "distance_from_border": 53776.975315679359 }, "geometry": { "type": "MultiPolygon", "coordinates": [ [ [ [ 6.8404916, 52.2763115 ], [ 6.8425621, 52.2539092 ], [ 6.8195385, 52.2436571 ], [ 6.8137539, 52.2294827 ], [ 6.7744339, 52.2384563 ], [ 6.755893, 52.2173958 ], [ 6.7668005, 52.1910649 ], [ 6.7123878, 52.2063314 ], [ 6.7121397, 52.226029 ], [ 6.7242814, 52.2527058 ], [ 6.7529595, 52.2523696 ], [ 6.7428865, 52.2831135 ], [ 6.7755163, 52.2931525 ], [ 6.8020388, 52.3135861 ], [ 6.8205037, 52.2985354 ], [ 6.846375, 52.291402 ], [ 6.8404916, 52.2763115 ] ] ] ] } },
{ "type": "Feature", "properties": { "id": 32, "code": "GM0166", "areaname": "Kampen", "area_large": 149360940.31802678, "area_small": null, "surface_in_emp": null, "in_empire": null, "distance_from_border": 29120.592510482413 }, "geometry": { "type": "MultiPolygon", "coordinates": [ [ [ [ 5.9864016, 52.6250177 ], [ 5.9909092, 52.6135088 ], [ 5.9713412, 52.5941573 ], [ 5.9829407, 52.5775138 ], [ 6.0126877, 52.5856364 ], [ 6.0330375, 52.5594035 ], [ 6.003619, 52.5503915 ], [ 6.0304543, 52.5380609 ], [ 6.0278575, 52.5096062 ], [ 6.0007884, 52.5001488 ], [ 5.965309, 52.4764444 ], [ 5.958301, 52.484063 ], [ 5.9255594, 52.4740576 ], [ 5.9095599, 52.4979546 ], [ 5.8872767, 52.5169062 ], [ 5.8658013, 52.5186581 ], [ 5.8569503, 52.5440272 ], [ 5.8565082, 52.5458501 ], [ 5.8399178, 52.569712 ], [ 5.8239816, 52.5798371 ], [ 5.8430087, 52.6107506 ], [ 5.8962984, 52.6179747 ], [ 5.9176964, 52.612641 ], [ 5.9864016, 52.6250177 ] ] ] ] } },
{ "type": "Feature", "properties": { "id": 33, "code": "GM0168", "areaname": "Losser", "area_large": 98530630.583457828, "area_small": null, "surface_in_emp": null, "in_empire": null, "distance_from_border": 70941.838374060157 }, "geometry": { "type": "MultiPolygon", "coordinates": [ [ [ [ 7.0722047, 52.3728025 ], [ 7.0721139, 52.3518908 ], [ 7.0562308, 52.3379539 ], [ 7.0264535, 52.2919678 ], [ 7.0275198, 52.2779862 ], [ 7.0612835, 52.2347111 ], [ 7.0192972, 52.2251027 ], [ 7.0034761, 52.2285897 ], [ 6.9811001, 52.220737 ], [ 6.9658895, 52.2304187 ], [ 6.973028, 52.2485034 ], [ 6.9691251, 52.2668591 ], [ 6.9391705, 52.2838694 ], [ 6.9501756, 52.3084903 ], [ 6.937531, 52.3328363 ], [ 6.9702592, 52.3487665 ], [ 6.9626687, 52.3633866 ], [ 6.9709235, 52.3798469 ], [ 7.0078298, 52.3638251 ], [ 7.0722047, 52.3728025 ] ] ] ] } },
{ "type": "Feature", "properties": { "id": 34, "code": "GM0171", "areaname": "Noordoostpolder", "area_large": 464014061.68232501, "area_small": null, "surface_in_emp": null, "in_empire": null, "distance_from_border": 36594.269170348147 }, "geometry": { "type": "MultiPolygon", "coordinates": [ [ [ [ 5.795177, 52.8065218 ], [ 5.8186565, 52.7876357 ], [ 5.8502965, 52.7845308 ], [ 5.9218295, 52.7511697 ], [ 5.942555, 52.715002 ], [ 5.9651554, 52.6935697 ], [ 5.9338703, 52.6755105 ], [ 5.9841083, 52.6571769 ], [ 5.9637313, 52.6387402 ], [ 5.831786, 52.6125388 ], [ 5.6633264, 52.6130459 ], [ 5.6512093, 52.6147663 ], [ 5.6500371, 52.6155937 ], [ 5.6298911, 52.6377167 ], [ 5.6488653, 52.6495509 ], [ 5.6553791, 52.6659504 ], [ 5.6415885, 52.6780148 ], [ 5.5933196, 52.6762806 ], [ 5.5965829, 52.7660581 ], [ 5.6597214, 52.8276681 ], [ 5.7130814, 52.8380272 ], [ 5.7488074, 52.8396796 ], [ 5.795177, 52.8065218 ] ] ] ] } },
{ "type": "Feature", "properties": { "id": 35, "code": "GM0173", "areaname": "Oldenzaal", "area_large": 23121688.486264467, "area_small": null, "surface_in_emp": null, "in_empire": null, "distance_from_border": 66287.36493073724 }, "geometry": { "type": "MultiPolygon", "coordinates": [ [ [ [ 6.937531, 52.3328363 ], [ 6.9501756, 52.3084903 ], [ 6.9391705, 52.2838694 ], [ 6.9121271, 52.2855057 ], [ 6.8944975, 52.2935381 ], [ 6.8597814, 52.2986744 ], [ 6.8613493, 52.3063669 ], [ 6.900646, 52.3334602 ], [ 6.937531, 52.3328363 ] ] ] ] } },
{ "type": "Feature", "properties": { "id": 36, "code": "GM0175", "areaname": "Ommen", "area_large": 184588468.03164971, "area_small": null, "surface_in_emp": null, "in_empire": null, "distance_from_border": 47176.064826800786 }, "geometry": { "type": "MultiPolygon", "coordinates": [ [ [ [ 6.5951881, 52.4803033 ], [ 6.5544635, 52.4875933 ], [ 6.5097875, 52.4906665 ], [ 6.5037732, 52.4817217 ], [ 6.4654515, 52.4751155 ], [ 6.4500983, 52.4612564 ], [ 6.4298998, 52.4393048 ], [ 6.3903151, 52.4281445 ], [ 6.3805727, 52.4298161 ], [ 6.3710612, 52.4497112 ], [ 6.3426163, 52.4569054 ], [ 6.3440092, 52.4807171 ], [ 6.3315157, 52.5220748 ], [ 6.3615488, 52.5245308 ], [ 6.3234125, 52.5925272 ], [ 6.4026445, 52.5914028 ], [ 6.4150152, 52.5700125 ], [ 6.4883556, 52.569001 ], [ 6.5049387, 52.5758854 ], [ 6.5218267, 52.5605857 ], [ 6.5340705, 52.528444 ], [ 6.6096435, 52.4925048 ], [ 6.5951881, 52.4803033 ] ] ] ] } },
{ "type": "Feature", "properties": { "id": 37, "code": "GM0177", "areaname": "Raalte", "area_large": 172963142.94084406, "area_small": null, "surface_in_emp": null, "in_empire": null, "distance_from_border": 31377.592481262593 }, "geometry": { "type": "MultiPolygon", "coordinates": [ [ [ [ 6.1624955, 52.4743884 ], [ 6.170092, 52.4689222 ], [ 6.2362572, 52.4656168 ], [ 6.2782384, 52.4570432 ], [ 6.2918252, 52.4347214 ], [ 6.3494003, 52.4248516 ], [ 6.3805727, 52.4298161 ], [ 6.3903151, 52.4281445 ], [ 6.4051695, 52.4155416 ], [ 6.3886491, 52.3803126 ], [ 6.3430821, 52.370032 ], [ 6.3335019, 52.3513983 ], [ 6.3560157, 52.3182188 ], [ 6.3265299, 52.3016315 ], [ 6.2672386, 52.3008047 ], [ 6.235355, 52.3198202 ], [ 6.2229612, 52.3472367 ], [ 6.1968589, 52.3521116 ], [ 6.2039877, 52.3868991 ], [ 6.2297696, 52.3897281 ], [ 6.2215785, 52.4090889 ], [ 6.2309584, 52.4234996 ], [ 6.1774281, 52.4311493 ], [ 6.1549148, 52.453183 ], [ 6.1441457, 52.4676647 ], [ 6.1624955, 52.4743884 ] ] ] ] } },
{ "type": "Feature", "properties": { "id": 38, "code": "GM0180", "areaname": "Staphorst", "area_large": 139163822.18685293, "area_small": null, "surface_in_emp": null, "in_empire": null, "distance_from_border": 46692.991029956444 }, "geometry": { "type": "MultiPolygon", "coordinates": [ [ [ [ 6.2655012, 52.6679877 ], [ 6.3225293, 52.6704378 ], [ 6.3277977, 52.6586927 ], [ 6.3030637, 52.5971411 ], [ 6.2021377, 52.5849485 ], [ 6.1474185, 52.5844082 ], [ 6.1313779, 52.5812463 ], [ 6.1058479, 52.6036963 ], [ 6.0959167, 52.6309412 ], [ 6.1038326, 52.6561405 ], [ 6.1195661, 52.6679369 ], [ 6.158976, 52.6921542 ], [ 6.1629961, 52.6800618 ], [ 6.1831468, 52.6750633 ], [ 6.2016815, 52.6846203 ], [ 6.220994, 52.6828276 ], [ 6.2655012, 52.6679877 ] ] ] ] } },
{ "type": "Feature", "properties": { "id": 39, "code": "GM0183", "areaname": "Tubbergen", "area_large": 148349629.49486196, "area_small": null, "surface_in_emp": null, "in_empire": null, "distance_from_border": 59390.3588535749 }, "geometry": { "type": "MultiPolygon", "coordinates": [ [ [ [ 6.9473004, 52.4366214 ], [ 6.8534778, 52.4270707 ], [ 6.8623469, 52.4076557 ], [ 6.8635845, 52.3637312 ], [ 6.8173872, 52.3650189 ], [ 6.7833944, 52.3601061 ], [ 6.7590354, 52.3320606 ], [ 6.7208457, 52.3412075 ], [ 6.71271, 52.3739567 ], [ 6.6986353, 52.3937411 ], [ 6.6696731, 52.4173675 ], [ 6.6764411, 52.444141 ], [ 6.6922496, 52.4474272 ], [ 6.7177067, 52.4781316 ], [ 6.7745866, 52.4596007 ], [ 6.8542976, 52.4597063 ], [ 6.861816, 52.451358 ], [ 6.9473004, 52.4366214 ] ] ] ] } },
{ "type": "Feature", "properties": { "id": 40, "code": "GM0184", "areaname": "Urk", "area_large": 12654762.190757632, "area_small": null, "surface_in_emp": null, "in_empire": null, "distance_from_border": 38890.585484070842 }, "geometry": { "type": "MultiPolygon", "coordinates": [ [ [ [ 5.6298911, 52.6377167 ], [ 5.5927275, 52.6630747 ], [ 5.5933196, 52.6762806 ], [ 5.6415885, 52.6780148 ], [ 5.6553791, 52.6659504 ], [ 5.6488653, 52.6495509 ], [ 5.6298911, 52.6377167 ] ] ] ] } },
{ "type": "Feature", "properties": { "id": 41, "code": "GM0189", "areaname": "Wierden", "area_large": 97133737.733878136, "area_small": null, "surface_in_emp": null, "in_empire": null, "distance_from_border": 43725.910504147847 }, "geometry": { "type": "MultiPolygon", "coordinates": [ [ [ [ 6.5988512, 52.3836583 ], [ 6.6153766, 52.3628447 ], [ 6.6046734, 52.3448977 ], [ 6.6190203, 52.3261451 ], [ 6.6047628, 52.3122253 ], [ 6.6317823, 52.3017799 ], [ 6.6260663, 52.2899739 ], [ 6.6053977, 52.2707205 ], [ 6.5681181, 52.2701884 ], [ 6.5540086, 52.283313 ], [ 6.5450891, 52.3183751 ], [ 6.5246714, 52.3256302 ], [ 6.4681895, 52.3264622 ], [ 6.4990586, 52.3635619 ], [ 6.4955163, 52.3761804 ], [ 6.5126065, 52.3818396 ], [ 6.5160132, 52.4061281 ], [ 6.5759519, 52.4175135 ], [ 6.5988512, 52.3836583 ] ] ] ] } },
{ "type": "Feature", "properties": { "id": 42, "code": "GM0193", "areaname": "Zwolle", "area_large": 118422690.84041238, "area_small": null, "surface_in_emp": null, "in_empire": null, "distance_from_border": 34170.123592408068 }, "geometry": { "type": "MultiPolygon", "coordinates": [ [ [ [ 6.2021377, 52.5849485 ], [ 6.2108107, 52.5677978 ], [ 6.1829534, 52.5193354 ], [ 6.189528, 52.4806835 ], [ 6.1624955, 52.4743884 ], [ 6.1441457, 52.4676647 ], [ 6.1549148, 52.453183 ], [ 6.13966, 52.4416171 ], [ 6.10958, 52.4405307 ], [ 6.1035459, 52.4539637 ], [ 6.1017012, 52.4663473 ], [ 6.0714253, 52.4821075 ], [ 6.0542202, 52.4997871 ], [ 6.0278575, 52.5096062 ], [ 6.0304543, 52.5380609 ], [ 6.003619, 52.5503915 ], [ 6.0330375, 52.5594035 ], [ 6.0631537, 52.5672799 ], [ 6.0893996, 52.5518406 ], [ 6.1036753, 52.5673525 ], [ 6.1405272, 52.5521024 ], [ 6.1668142, 52.5652522 ], [ 6.1474185, 52.5844082 ], [ 6.2021377, 52.5849485 ] ] ] ] } },
{ "type": "Feature", "properties": { "id": 43, "code": "GM0197", "areaname": "Aalten", "area_large": 96723418.301841259, "area_small": null, "surface_in_emp": null, "in_empire": null, "distance_from_border": 27641.574517165674 }, "geometry": { "type": "MultiPolygon", "coordinates": [ [ [ [ 6.6389158, 51.962547 ], [ 6.6290713, 51.950092 ], [ 6.6341527, 51.9352999 ], [ 6.659004, 51.9290194 ], [ 6.6687334, 51.9138634 ], [ 6.5857799, 51.894082 ], [ 6.5558629, 51.8818047 ], [ 6.5010607, 51.8680001 ], [ 6.4643837, 51.8552873 ], [ 6.4842075, 51.8789684 ], [ 6.4723518, 51.9073533 ], [ 6.4886686, 51.9127317 ], [ 6.5047806, 51.9459843 ], [ 6.5272694, 51.9660236 ], [ 6.5593524, 51.9743641 ], [ 6.6287209, 51.9672815 ], [ 6.6389158, 51.962547 ] ] ] ] } },
{ "type": "Feature", "properties": { "id": 44, "code": "GM0200", "areaname": "Apeldoorn", "area_large": 343206932.06565458, "area_small": null, "surface_in_emp": null, "in_empire": null, "distance_from_border": 0.0 }, "geometry": { "type": "MultiPolygon", "coordinates": [ [ [ [ 6.0363947, 52.2685304 ], [ 6.0284658, 52.2486578 ], [ 6.0334245, 52.2240796 ], [ 6.0469092, 52.2213677 ], [ 6.0642569, 52.1573847 ], [ 6.0760673, 52.1439381 ], [ 6.0515461, 52.1243974 ], [ 6.0342586, 52.0983456 ], [ 6.0088486, 52.0740142 ], [ 5.9904798, 52.0791642 ], [ 5.9559309, 52.0733386 ], [ 5.9461028, 52.0778905 ], [ 5.9461845, 52.0992997 ], [ 5.911248, 52.1004084 ], [ 5.8834492, 52.1063422 ], [ 5.8647619, 52.1255443 ], [ 5.8595454, 52.1487494 ], [ 5.8098431, 52.1514147 ], [ 5.8019591, 52.1773638 ], [ 5.8119323, 52.1848782 ], [ 5.7920253, 52.1969865 ], [ 5.7505847, 52.1937307 ], [ 5.7307645, 52.2085992 ], [ 5.7416734, 52.2198816 ], [ 5.7263889, 52.2425031 ], [ 5.7614487, 52.2483038 ], [ 5.7492273, 52.2682729 ], [ 5.8214267, 52.2726719 ], [ 5.8508112, 52.2686954 ], [ 5.8795925, 52.2649913 ], [ 5.9362113, 52.2744193 ], [ 5.9738898, 52.2732091 ], [ 6.0288634, 52.276813 ], [ 6.0363947, 52.2685304 ] ] ] ] } },
{ "type": "Feature", "properties": { "id": 45, "code": "GM0202", "areaname": "Arnhem", "area_large": 101306633.42600307, "area_small": 33664090.834082931, "surface_in_emp": 0.33229897880943832, "in_empire": 1.0, "distance_from_border": 0.0 }, "geometry": { "type": "MultiPolygon", "coordinates": [ [ [ [ 5.9515263, 51.9996378 ], [ 5.9609389, 51.988492 ], [ 5.99034, 51.9744061 ], [ 5.9524288, 51.9645699 ], [ 5.9552254, 51.9487535 ], [ 5.9318306, 51.9594831 ], [ 5.8979184, 51.934358 ], [ 5.8720973, 51.9414742 ], [ 5.8299272, 51.9452373 ], [ 5.8293395, 51.9608481 ], [ 5.8341913, 51.9627996 ], [ 5.8353426, 51.9735587 ], [ 5.8641822, 51.9705039 ], [ 5.8637138, 51.9957688 ], [ 5.8029606, 52.0040541 ], [ 5.8133736, 52.0240706 ], [ 5.8500274, 52.0515944 ], [ 5.8994014, 52.0499582 ], [ 5.9097434, 52.0620961 ], [ 5.9461028, 52.0778905 ], [ 5.9559309, 52.0733386 ], [ 5.9370989, 52.048533 ], [ 5.9414021, 52.011486 ], [ 5.9515263, 51.9996378 ] ] ] ] } },
{ "type": "Feature", "properties": { "id": 46, "code": "GM0203", "areaname": "Barneveld", "area_large": 176791677.22385332, "area_small": 103850548.33257386, "surface_in_emp": 0.5874176316630475, "in_empire": 1.0, "distance_from_border": 0.0 }, "geometry": { "type": "MultiPolygon", "coordinates": [ [ [ [ 5.7263889, 52.2425031 ], [ 5.7416734, 52.2198816 ], [ 5.7307645, 52.2085992 ], [ 5.7505847, 52.1937307 ], [ 5.7920253, 52.1969865 ], [ 5.8119323, 52.1848782 ], [ 5.8019591, 52.1773638 ], [ 5.8098431, 52.1514147 ], [ 5.7203493, 52.1462599 ], [ 5.6925184, 52.1373892 ], [ 5.5612351, 52.1202513 ], [ 5.5503426, 52.1054195 ], [ 5.5315433, 52.102267 ], [ 5.4938617, 52.1110973 ], [ 5.4864471, 52.1153597 ], [ 5.4979131, 52.1302829 ], [ 5.4989847, 52.1473614 ], [ 5.4813418, 52.150501 ], [ 5.4814955, 52.1582973 ], [ 5.4821161, 52.1597957 ], [ 5.4724333, 52.1628509 ], [ 5.475508, 52.1643776 ], [ 5.4799224, 52.1658146 ], [ 5.4856096, 52.1819743 ], [ 5.5308079, 52.1915393 ], [ 5.5421933, 52.1778457 ], [ 5.5652765, 52.1781115 ], [ 5.5776667, 52.194797 ], [ 5.600249, 52.1976514 ], [ 5.625743, 52.1928255 ], [ 5.6332674, 52.2081666 ], [ 5.6812701, 52.2253395 ], [ 5.6836421, 52.2406169 ], [ 5.7263889, 52.2425031 ] ] ] ] } },
{ "type": "Feature", "properties": { "id": 47, "code": "GM0209", "areaname": "Beuningen", "area_large": 47523926.353618145, "area_small": 47523926.353618145, "surface_in_emp": 1.0, "in_empire": 1.0, "distance_from_border": 9496.8642146143702 }, "geometry": { "type": "MultiPolygon", "coordinates": [ [ [ [ 5.7647315, 51.8322913 ], [ 5.6781109, 51.8431468 ], [ 5.6795711, 51.8605255 ], [ 5.6678526, 51.8659266 ], [ 5.6850138, 51.8956485 ], [ 5.7066594, 51.8932916 ], [ 5.7261642, 51.8871501 ], [ 5.7983513, 51.8756861 ], [ 5.8170748, 51.8702654 ], [ 5.8256946, 51.8662132 ], [ 5.7868378, 51.8408969 ], [ 5.7647315, 51.8322913 ] ] ] ] } },
{ "type": "Feature", "properties": { "id": 48, "code": "GM0213", "areaname": "Brummen", "area_large": 84428204.170162916, "area_small": null, "surface_in_emp": null, "in_empire": null, "distance_from_border": 3525.9294924702353 }, "geometry": { "type": "MultiPolygon", "coordinates": [ [ [ [ 6.1846785, 52.1612226 ], [ 6.1816051, 52.1527056 ], [ 6.1474222, 52.1579956 ], [ 6.1505895, 52.1439777 ], [ 6.1733958, 52.1449698 ], [ 6.1921905, 52.1142142 ], [ 6.2153525, 52.1089663 ], [ 6.2178989, 52.0978813 ], [ 6.1782967, 52.0912971 ], [ 6.1707192, 52.0789032 ], [ 6.1374692, 52.0591811 ], [ 6.1034233, 52.0781436 ], [ 6.0680628, 52.0882441 ], [ 6.0237378, 52.0672825 ], [ 6.0060849, 52.0663489 ], [ 6.0088486, 52.0740142 ], [ 6.0342586, 52.0983456 ], [ 6.0515461, 52.1243974 ], [ 6.0760673, 52.1439381 ], [ 6.1598167, 52.1615396 ], [ 6.1846785, 52.1612226 ] ] ] ] } },
{ "type": "Feature", "properties": { "id": 49, "code": "GM0214", "areaname": "Buren", "area_large": 146620217.49731827, "area_small": 146620217.49731827, "surface_in_emp": 1.0, "in_empire": 1.0, "distance_from_border": 25193.337958574266 }, "geometry": { "type": "MultiPolygon", "coordinates": [ [ [ [ 5.4776645, 51.9834727 ], [ 5.5402081, 51.9672815 ], [ 5.5612525, 51.9545018 ], [ 5.5866166, 51.9508289 ], [ 5.5762974, 51.9429222 ], [ 5.5494448, 51.9423024 ], [ 5.5538767, 51.9229593 ], [ 5.4935571, 51.9185066 ], [ 5.4533845, 51.9227614 ], [ 5.4112568, 51.9120088 ], [ 5.3998244, 51.8985759 ], [ 5.3390239, 51.8740342 ], [ 5.312045, 51.8959072 ], [ 5.2948934, 51.9000523 ], [ 5.2736874, 51.9200871 ], [ 5.2795727, 51.9331954 ], [ 5.2550619, 51.9354825 ], [ 5.2419232, 51.9455164 ], [ 5.2703736, 51.9654266 ], [ 5.3331184, 51.9572009 ], [ 5.3482552, 51.9676863 ], [ 5.3909761, 51.9707302 ], [ 5.4424082, 51.9859475 ], [ 5.4776645, 51.9834727 ] ] ] ] } },
{ "type": "Feature", "properties": { "id": 50, "code": "GM0216", "areaname": "Culemborg", "area_large": 30910496.470323563, "area_small": 30910496.470323563, "surface_in_emp": 1.0, "in_empire": 1.0, "distance_from_border": 32303.764733995791 }, "geometry": { "type": "MultiPolygon", "coordinates": [ [ [ [ 5.2703736, 51.9654266 ], [ 5.2419232, 51.9455164 ], [ 5.2550619, 51.9354825 ], [ 5.2331642, 51.9235849 ], [ 5.2076856, 51.9262135 ], [ 5.1759002, 51.9211017 ], [ 5.1424329, 51.9249366 ], [ 5.1802267, 51.9674483 ], [ 5.2059888, 51.9594325 ], [ 5.2299125, 51.975649 ], [ 5.2562711, 51.9709414 ], [ 5.2703736, 51.9654266 ] ] ] ] } },
{ "type": "Feature", "properties": { "id": 51, "code": "GM0221", "areaname": "Doesburg", "area_large": 14577267.217301369, "area_small": null, "surface_in_emp": null, "in_empire": null, "distance_from_border": 8551.4090920727176 }, "geometry": { "type": "MultiPolygon", "coordinates": [ [ [ [ 6.1592505, 51.9997398 ], [ 6.1095905, 51.9964367 ], [ 6.1322675, 52.0251682 ], [ 6.1215023, 52.0346173 ], [ 6.1520508, 52.0420833 ], [ 6.1755131, 52.0393691 ], [ 6.1765469, 52.0192284 ], [ 6.1611836, 52.013828 ], [ 6.1592505, 51.9997398 ] ] ] ] } },
{ "type": "Feature", "properties": { "id": 52, "code": "GM0222", "areaname": "Doetinchem", "area_large": 76295219.06817317, "area_small": null, "surface_in_emp": null, "in_empire": null, "distance_from_border": 10627.311859251633 }, "geometry": { "type": "MultiPolygon", "coordinates": [ [ [ [ 6.4160819, 51.9726219 ], [ 6.3799632, 51.9362815 ], [ 6.3608453, 51.9229666 ], [ 6.3313296, 51.9260363 ], [ 6.3057628, 51.938821 ], [ 6.3020664, 51.944134 ], [ 6.220753, 51.9445756 ], [ 6.1932628, 51.9408827 ], [ 6.1625209, 51.9558777 ], [ 6.1446883, 51.9805002 ], [ 6.1604835, 51.9810367 ], [ 6.2497881, 51.9759647 ], [ 6.2572988, 51.9825285 ], [ 6.3191333, 51.9942607 ], [ 6.3535059, 51.9746751 ], [ 6.390378, 51.9683279 ], [ 6.4160819, 51.9726219 ] ] ] ] } },
{ "type": "Feature", "properties": { "id": 53, "code": "GM0225", "areaname": "Druten", "area_large": 41586415.592239439, "area_small": 41586415.592239439, "surface_in_emp": 1.0, "in_empire": 1.0, "distance_from_border": 19506.200605020524 }, "geometry": { "type": "MultiPolygon", "coordinates": [ [ [ [ 5.6850138, 51.8956485 ], [ 5.6678526, 51.8659266 ], [ 5.6361774, 51.8673616 ], [ 5.6359326, 51.8474573 ], [ 5.6098353, 51.8362738 ], [ 5.5850133, 51.8391066 ], [ 5.5684355, 51.8765455 ], [ 5.5313626, 51.8947534 ], [ 5.5560128, 51.9010357 ], [ 5.6850138, 51.8956485 ] ] ] ] } },
{ "type": "Feature", "properties": { "id": 54, "code": "GM0226", "areaname": "Duiven", "area_large": 33424209.40556103, "area_small": null, "surface_in_emp": null, "in_empire": null, "distance_from_border": 0.0 }, "geometry": { "type": "MultiPolygon", "coordinates": [ [ [ [ 5.9870626, 51.9133138 ], [ 5.9657755, 51.9387676 ], [ 5.9843638, 51.9430209 ], [ 5.9840002, 51.9723995 ], [ 6.0017328, 51.9775517 ], [ 6.0343056, 51.9713531 ], [ 6.0607723, 51.9818593 ], [ 6.0584615, 51.9583094 ], [ 6.0434642, 51.9174613 ], [ 5.9870626, 51.9133138 ] ] ] ] } },
{ "type": "Feature", "properties": { "id": 55, "code": "GM0228", "areaname": "Ede", "area_large": 320617272.62110084, "area_small": 210366252.32114959, "surface_in_emp": 0.65612888102181655, "in_empire": 1.0, "distance_from_border": 0.0 }, "geometry": { "type": "MultiPolygon", "coordinates": [ [ [ [ 5.8098431, 52.1514147 ], [ 5.8595454, 52.1487494 ], [ 5.8647619, 52.1255443 ], [ 5.8834492, 52.1063422 ], [ 5.911248, 52.1004084 ], [ 5.9461845, 52.0992997 ], [ 5.9461028, 52.0778905 ], [ 5.9097434, 52.0620961 ], [ 5.8994014, 52.0499582 ], [ 5.8500274, 52.0515944 ], [ 5.8133736, 52.0240706 ], [ 5.7451374, 52.0197686 ], [ 5.7243626, 52.0007083 ], [ 5.675368, 51.9909515 ], [ 5.606017, 51.9941644 ], [ 5.5894887, 52.0094555 ], [ 5.5867116, 52.0312904 ], [ 5.5579033, 52.0488651 ], [ 5.5627462, 52.078278 ], [ 5.5503426, 52.1054195 ], [ 5.5612351, 52.1202513 ], [ 5.6925184, 52.1373892 ], [ 5.7203493, 52.1462599 ], [ 5.8098431, 52.1514147 ] ] ] ] } },
{ "type": "Feature", "properties": { "id": 56, "code": "GM0230", "areaname": "Elburg", "area_large": 65724834.989307255, "area_small": null, "surface_in_emp": null, "in_empire": null, "distance_from_border": 16096.010902749924 }, "geometry": { "type": "MultiPolygon", "coordinates": [ [ [ [ 5.9243386, 52.3913929 ], [ 5.9116939, 52.3867934 ], [ 5.8760094, 52.3578728 ], [ 5.864792, 52.3596582 ], [ 5.8213999, 52.3910034 ], [ 5.8116715, 52.4027989 ], [ 5.7707475, 52.3955155 ], [ 5.7569124, 52.4068678 ], [ 5.810468, 52.4352652 ], [ 5.8173772, 52.4572553 ], [ 5.8174177, 52.4573019 ], [ 5.8423635, 52.4705505 ], [ 5.8776134, 52.4531236 ], [ 5.8722448, 52.4430293 ], [ 5.8999544, 52.4198164 ], [ 5.9243386, 52.3913929 ] ] ] ] } },
{ "type": "Feature", "properties": { "id": 57, "code": "GM0232", "areaname": "Epe", "area_large": 156535304.3681612, "area_small": null, "surface_in_emp": null, "in_empire": null, "distance_from_border": 8932.976044560939 }, "geometry": { "type": "MultiPolygon", "coordinates": [ [ [ [ 6.0778449, 52.3642971 ], [ 6.0736806, 52.3305692 ], [ 6.052948, 52.3309073 ], [ 6.0347627, 52.294796 ], [ 6.0433484, 52.2787266 ], [ 6.0363947, 52.2685304 ], [ 6.0288634, 52.276813 ], [ 5.9738898, 52.2732091 ], [ 5.9362113, 52.2744193 ], [ 5.8795925, 52.2649913 ], [ 5.8508112, 52.2686954 ], [ 5.840831, 52.304397 ], [ 5.8809513, 52.335186 ], [ 5.8648143, 52.3513289 ], [ 5.8760094, 52.3578728 ], [ 5.9116939, 52.3867934 ], [ 5.9243386, 52.3913929 ], [ 5.9510243, 52.3984371 ], [ 5.9913335, 52.3785979 ], [ 6.0317834, 52.3672299 ], [ 6.0417839, 52.3565124 ], [ 6.0778449, 52.3642971 ] ] ] ] } },
{ "type": "Feature", "properties": { "id": 58, "code": "GM0233", "areaname": "Ermelo", "area_large": 85697954.372114658, "area_small": null, "surface_in_emp": null, "in_empire": null, "distance_from_border": 0.0 }, "geometry": { "type": "MultiPolygon", "coordinates": [ [ [ [ 5.7492273, 52.2682729 ], [ 5.7614487, 52.2483038 ], [ 5.7263889, 52.2425031 ], [ 5.6836421, 52.2406169 ], [ 5.677159, 52.2496919 ], [ 5.6392108, 52.2718613 ], [ 5.5875359, 52.2788124 ], [ 5.5480787, 52.2918111 ], [ 5.5757536, 52.3265979 ], [ 5.6086913, 52.3190538 ], [ 5.6302638, 52.3268505 ], [ 5.6707961, 52.3039169 ], [ 5.7061713, 52.3283818 ], [ 5.7507478, 52.3170738 ], [ 5.7438372, 52.2980473 ], [ 5.7546481, 52.2826022 ], [ 5.7492273, 52.2682729 ] ] ] ] } },
{ "type": "Feature", "properties": { "id": 59, "code": "GM0243", "areaname": "Harderwijk", "area_large": 38663399.352832675, "area_small": null, "surface_in_emp": null, "in_empire": null, "distance_from_border": 4167.5048993227401 }, "geometry": { "type": "MultiPolygon", "coordinates": [ [ [ [ 5.7061713, 52.3283818 ], [ 5.6707961, 52.3039169 ], [ 5.6302638, 52.3268505 ], [ 5.6086913, 52.3190538 ], [ 5.5757536, 52.3265979 ], [ 5.6113606, 52.3455807 ], [ 5.6140339, 52.3622504 ], [ 5.6153187, 52.3626141 ], [ 5.6527488, 52.3650857 ], [ 5.6789216, 52.3788413 ], [ 5.6956559, 52.3607605 ], [ 5.7124806, 52.3318454 ], [ 5.7061713, 52.3283818 ] ] ] ] } },
{ "type": "Feature", "properties": { "id": 60, "code": "GM0244", "areaname": "Hattem", "area_large": 24183208.312658787, "area_small": null, "surface_in_emp": null, "in_empire": null, "distance_from_border": 30181.727611178772 }, "geometry": { "type": "MultiPolygon", "coordinates": [ [ [ [ 6.1035459, 52.4539637 ], [ 6.0226674, 52.4441031 ], [ 6.0347143, 52.4616768 ], [ 6.0328625, 52.4784991 ], [ 6.0007884, 52.5001488 ], [ 6.0278575, 52.5096062 ], [ 6.0542202, 52.4997871 ], [ 6.0714253, 52.4821075 ], [ 6.1017012, 52.4663473 ], [ 6.1035459, 52.4539637 ] ] ] ] } },
{ "type": "Feature", "properties": { "id": 61, "code": "GM0246", "areaname": "Heerde", "area_large": 79130628.329184532, "area_small": null, "surface_in_emp": null, "in_empire": null, "distance_from_border": 23144.776454312854 }, "geometry": { "type": "MultiPolygon", "coordinates": [ [ [ [ 6.1035459, 52.4539637 ], [ 6.10958, 52.4405307 ], [ 6.1194893, 52.4329257 ], [ 6.1108068, 52.4078126 ], [ 6.1299706, 52.3986033 ], [ 6.1236504, 52.3813182 ], [ 6.0824633, 52.3720693 ], [ 6.0778449, 52.3642971 ], [ 6.0417839, 52.3565124 ], [ 6.0317834, 52.3672299 ], [ 5.9913335, 52.3785979 ], [ 5.9510243, 52.3984371 ], [ 5.973725, 52.4097697 ], [ 6.0226674, 52.4441031 ], [ 6.1035459, 52.4539637 ] ] ] ] } },
{ "type": "Feature", "properties": { "id": 62, "code": "GM0252", "areaname": "Heumen", "area_large": 41129826.946515799, "area_small": 41129826.946515799, "surface_in_emp": 1.0, "in_empire": 1.0, "distance_from_border": 4806.6821176085041 }, "geometry": { "type": "MultiPolygon", "coordinates": [ [ [ [ 5.8934093, 51.7778529 ], [ 5.8678932, 51.775521 ], [ 5.8644688, 51.7576817 ], [ 5.8521496, 51.7593174 ], [ 5.7905343, 51.7535091 ], [ 5.7452386, 51.7591445 ], [ 5.7297454, 51.772851 ], [ 5.7322003, 51.778178 ], [ 5.7806588, 51.784204 ], [ 5.8009487, 51.7951514 ], [ 5.8102205, 51.7905894 ], [ 5.8367363, 51.8059574 ], [ 5.8791101, 51.8095299 ], [ 5.8934093, 51.7778529 ] ] ] ] } },
{ "type": "Feature", "properties": { "id": 63, "code": "GM0262", "areaname": "Lochem", "area_large": 215840928.68848848, "area_small": null, "surface_in_emp": null, "in_empire": null, "distance_from_border": 18089.884035016737 }, "geometry": { "type": "MultiPolygon", "coordinates": [ [ [ [ 6.4164222, 52.2421664 ], [ 6.4293423, 52.2231358 ], [ 6.4790317, 52.1825996 ], [ 6.4924011, 52.1773719 ], [ 6.4812243, 52.1424789 ], [ 6.4921095, 52.1240047 ], [ 6.4811738, 52.1102902 ], [ 6.4552049, 52.1079801 ], [ 6.4239986, 52.096908 ], [ 6.3691393, 52.1239693 ], [ 6.357721, 52.1355268 ], [ 6.3283144, 52.1377124 ], [ 6.3240009, 52.1527525 ], [ 6.2492851, 52.1474507 ], [ 6.2401509, 52.1460504 ], [ 6.2352609, 52.1554286 ], [ 6.1927994, 52.1698013 ], [ 6.193621, 52.1764486 ], [ 6.1565123, 52.1977363 ], [ 6.1840372, 52.2042982 ], [ 6.1892545, 52.2172675 ], [ 6.1662688, 52.2310138 ], [ 6.2508711, 52.2269313 ], [ 6.2928292, 52.2308272 ], [ 6.2979423, 52.2255298 ], [ 6.3387083, 52.2271529 ], [ 6.3508918, 52.2416801 ], [ 6.3818515, 52.2461128 ], [ 6.4164222, 52.2421664 ] ] ] ] } },
{ "type": "Feature", "properties": { "id": 64, "code": "GM0263", "areaname": "Maasdriel", "area_large": 74415426.157129765, "area_small": 74415426.157129765, "surface_in_emp": 1.0, "in_empire": 1.0, "distance_from_border": 36554.965348963349 }, "geometry": { "type": "MultiPolygon", "coordinates": [ [ [ [ 5.4148854, 51.8212902 ], [ 5.4017063, 51.8208928 ], [ 5.3690389, 51.7898162 ], [ 5.3535144, 51.7554773 ], [ 5.2959967, 51.7367179 ], [ 5.283285, 51.7397768 ], [ 5.2446785, 51.7344212 ], [ 5.2064942, 51.7414772 ], [ 5.1856998, 51.7419176 ], [ 5.1835187, 51.7558177 ], [ 5.2066015, 51.7690543 ], [ 5.2699197, 51.7743264 ], [ 5.2664525, 51.7931219 ], [ 5.2881706, 51.8001767 ], [ 5.281718, 51.8212075 ], [ 5.3046003, 51.8239634 ], [ 5.3390321, 51.8065941 ], [ 5.3610959, 51.8057197 ], [ 5.4006332, 51.8376588 ], [ 5.4148854, 51.8212902 ] ] ] ] } },
{ "type": "Feature", "properties": { "id": 65, "code": "GM0267", "areaname": "Nijkerk", "area_large": 70005139.784692287, "area_small": 69898133.375214815, "surface_in_emp": 0.99847144924206166, "in_empire": 1.0, "distance_from_border": 0.0 }, "geometry": { "type": "MultiPolygon", "coordinates": [ [ [ [ 5.4786196, 52.2578197 ], [ 5.4836903, 52.2392435 ], [ 5.5155733, 52.2341279 ], [ 5.5499173, 52.2023362 ], [ 5.6332674, 52.2081666 ], [ 5.625743, 52.1928255 ], [ 5.600249, 52.1976514 ], [ 5.5776667, 52.194797 ], [ 5.5652765, 52.1781115 ], [ 5.5421933, 52.1778457 ], [ 5.5308079, 52.1915393 ], [ 5.4856096, 52.1819743 ], [ 5.4799224, 52.1658146 ], [ 5.4398755, 52.1711975 ], [ 5.4394491, 52.2021951 ], [ 5.4096699, 52.2185796 ], [ 5.3955224, 52.2191538 ], [ 5.403502, 52.2467454 ], [ 5.4665305, 52.2559247 ], [ 5.4698134, 52.2632473 ], [ 5.4714472, 52.2635407 ], [ 5.4786196, 52.2578197 ] ] ] ] } },
{ "type": "Feature", "properties": { "id": 66, "code": "GM0268", "areaname": "Nijmegen", "area_large": 58411360.057788283, "area_small": 58411360.057788283, "surface_in_emp": 1.0, "in_empire": 1.0, "distance_from_border": 3170.3122871705218 }, "geometry": { "type": "MultiPolygon", "coordinates": [ [ [ [ 5.8571235, 51.8946209 ], [ 5.871481, 51.8886524 ], [ 5.8867657, 51.865203 ], [ 5.8871897, 51.8496191 ], [ 5.8990953, 51.8246158 ], [ 5.8791101, 51.8095299 ], [ 5.8367363, 51.8059574 ], [ 5.8102205, 51.7905894 ], [ 5.8009487, 51.7951514 ], [ 5.781652, 51.8088807 ], [ 5.7647315, 51.8322913 ], [ 5.7868378, 51.8408969 ], [ 5.8256946, 51.8662132 ], [ 5.8170748, 51.8702654 ], [ 5.8571235, 51.8946209 ] ] ] ] } },
{ "type": "Feature", "properties": { "id": 67, "code": "GM0269", "areaname": "Oldebroek", "area_large": 97981288.680392504, "area_small": null, "surface_in_emp": null, "in_empire": null, "distance_from_border": 21370.347734767351 }, "geometry": { "type": "MultiPolygon", "coordinates": [ [ [ [ 6.0007884, 52.5001488 ], [ 6.0328625, 52.4784991 ], [ 6.0347143, 52.4616768 ], [ 6.0226674, 52.4441031 ], [ 5.973725, 52.4097697 ], [ 5.9510243, 52.3984371 ], [ 5.9243386, 52.3913929 ], [ 5.8999544, 52.4198164 ], [ 5.8722448, 52.4430293 ], [ 5.8776134, 52.4531236 ], [ 5.8423635, 52.4705505 ], [ 5.8658013, 52.5186581 ], [ 5.8872767, 52.5169062 ], [ 5.9095599, 52.4979546 ], [ 5.9255594, 52.4740576 ], [ 5.958301, 52.484063 ], [ 5.965309, 52.4764444 ], [ 6.0007884, 52.5001488 ] ] ] ] } },
{ "type": "Feature", "properties": { "id": 68, "code": "GM0273", "areaname": "Putten", "area_large": 84796520.400355101, "area_small": 32746144.682922363, "surface_in_emp": 0.3861732123949892, "in_empire": 1.0, "distance_from_border": 0.0 }, "geometry": { "type": "MultiPolygon", "coordinates": [ [ [ [ 5.5480787, 52.2918111 ], [ 5.5875359, 52.2788124 ], [ 5.6392108, 52.2718613 ], [ 5.677159, 52.2496919 ], [ 5.6836421, 52.2406169 ], [ 5.6812701, 52.2253395 ], [ 5.6332674, 52.2081666 ], [ 5.5499173, 52.2023362 ], [ 5.5155733, 52.2341279 ], [ 5.4836903, 52.2392435 ], [ 5.4786196, 52.2578197 ], [ 5.5055449, 52.264758 ], [ 5.5274398, 52.26368 ], [ 5.5480787, 52.2918111 ] ] ] ] } },
{ "type": "Feature", "properties": { "id": 69, "code": "GM0274", "areaname": "Renkum", "area_large": 48351102.049369425, "area_small": 48351102.049369425, "surface_in_emp": 1.0, "in_empire": 1.0, "distance_from_border": 5614.3626432217061 }, "geometry": { "type": "MultiPolygon", "coordinates": [ [ [ [ 5.8133736, 52.0240706 ], [ 5.8029606, 52.0040541 ], [ 5.8637138, 51.9957688 ], [ 5.8641822, 51.9705039 ], [ 5.8353426, 51.9735587 ], [ 5.7776106, 51.9591267 ], [ 5.7462957, 51.97002 ], [ 5.7226056, 51.9640508 ], [ 5.713639, 51.9681424 ], [ 5.7243626, 52.0007083 ], [ 5.7451374, 52.0197686 ], [ 5.8133736, 52.0240706 ] ] ] ] } },
{ "type": "Feature", "properties": { "id": 70, "code": "GM0275", "areaname": "Rheden", "area_large": 86322261.796827316, "area_small": null, "surface_in_emp": null, "in_empire": null, "distance_from_border": 0.0 }, "geometry": { "type": "MultiPolygon", "coordinates": [ [ [ [ 6.1374692, 52.0591811 ], [ 6.1157636, 52.0487459 ], [ 6.1215023, 52.0346173 ], [ 6.1322675, 52.0251682 ], [ 6.1095905, 51.9964367 ], [ 6.0937491, 51.9927873 ], [ 6.0640867, 52.014997 ], [ 6.0019652, 51.98065 ], [ 5.99034, 51.9744061 ], [ 5.9609389, 51.988492 ], [ 5.9515263, 51.9996378 ], [ 5.9745136, 52.0028392 ], [ 5.980461, 52.018405 ], [ 5.9958048, 52.0262203 ], [ 5.9779593, 52.0543901 ], [ 5.998216, 52.0540579 ], [ 6.0060849, 52.0663489 ], [ 6.0237378, 52.0672825 ], [ 6.0680628, 52.0882441 ], [ 6.1034233, 52.0781436 ], [ 6.1374692, 52.0591811 ] ] ] ] } },
{ "type": "Feature", "properties": { "id": 71, "code": "GM0277", "areaname": "Rozendaal", "area_large": 26893481.847287178, "area_small": null, "surface_in_emp": null, "in_empire": null, "distance_from_border": 0.0 }, "geometry": { "type": "MultiPolygon", "coordinates": [ [ [ [ 5.9515263, 51.9996378 ], [ 5.9414021, 52.011486 ], [ 5.9370989, 52.048533 ], [ 5.9559309, 52.0733386 ], [ 5.9904798, 52.0791642 ], [ 6.0088486, 52.0740142 ], [ 6.0060849, 52.0663489 ], [ 5.998216, 52.0540579 ], [ 5.9779593, 52.0543901 ], [ 5.9958048, 52.0262203 ], [ 5.980461, 52.018405 ], [ 5.9745136, 52.0028392 ], [ 5.9515263, 51.9996378 ] ] ] ] } },
{ "type": "Feature", "properties": { "id": 72, "code": "GM0279", "areaname": "Scherpenzeel", "area_large": 12961551.504067421, "area_small": 12961551.504067421, "surface_in_emp": 1.0, "in_empire": 1.0, "distance_from_border": 16112.460554465879 }, "geometry": { "type": "MultiPolygon", "coordinates": [ [ [ [ 5.5315433, 52.102267 ], [ 5.5371185, 52.0886438 ], [ 5.5226544, 52.0775421 ], [ 5.496128, 52.0716779 ], [ 5.4592433, 52.0802255 ], [ 5.4860827, 52.0936568 ], [ 5.4938617, 52.1110973 ], [ 5.5315433, 52.102267 ] ] ] ] } },
{ "type": "Feature", "properties": { "id": 73, "code": "GM0281", "areaname": "Tiel", "area_large": 34520616.080061913, "area_small": 34520616.080061913, "surface_in_emp": 1.0, "in_empire": 1.0, "distance_from_border": 33515.899188597432 }, "geometry": { "type": "MultiPolygon", "coordinates": [ [ [ [ 5.4533845, 51.9227614 ], [ 5.472451, 51.9080689 ], [ 5.455541, 51.9028217 ], [ 5.4639167, 51.8890089 ], [ 5.4449836, 51.8842033 ], [ 5.4229783, 51.8664242 ], [ 5.4152342, 51.851801 ], [ 5.3796195, 51.8615142 ], [ 5.3282904, 51.8570175 ], [ 5.3390239, 51.8740342 ], [ 5.3998244, 51.8985759 ], [ 5.4112568, 51.9120088 ], [ 5.4533845, 51.9227614 ] ] ] ] } },
{ "type": "Feature", "properties": { "id": 74, "code": "GM0285", "areaname": "Voorst", "area_large": 127778620.56509256, "area_small": null, "surface_in_emp": null, "in_empire": null, "distance_from_border": 10188.57599181576 }, "geometry": { "type": "MultiPolygon", "coordinates": [ [ [ [ 6.1013204, 52.3012248 ], [ 6.1123647, 52.278305 ], [ 6.1300691, 52.2606914 ], [ 6.1238655, 52.2514811 ], [ 6.1475099, 52.2277782 ], [ 6.1662688, 52.2310138 ], [ 6.1892545, 52.2172675 ], [ 6.1840372, 52.2042982 ], [ 6.1565123, 52.1977363 ], [ 6.193621, 52.1764486 ], [ 6.1927994, 52.1698013 ], [ 6.1846785, 52.1612226 ], [ 6.1598167, 52.1615396 ], [ 6.0760673, 52.1439381 ], [ 6.0642569, 52.1573847 ], [ 6.0469092, 52.2213677 ], [ 6.0334245, 52.2240796 ], [ 6.0284658, 52.2486578 ], [ 6.0363947, 52.2685304 ], [ 6.0433484, 52.2787266 ], [ 6.0347627, 52.294796 ], [ 6.052948, 52.3309073 ], [ 6.0736806, 52.3305692 ], [ 6.0840714, 52.3016859 ], [ 6.1013204, 52.3012248 ] ] ] ] } },
{ "type": "Feature", "properties": { "id": 75, "code": "GM0289", "areaname": "Wageningen", "area_large": 31342342.507368684, "area_small": 31342342.507368684, "surface_in_emp": 1.0, "in_empire": 1.0, "distance_from_border": 14951.979593479182 }, "geometry": { "type": "MultiPolygon", "coordinates": [ [ [ [ 5.7226056, 51.9640508 ], [ 5.6819182, 51.9591588 ], [ 5.665989, 51.9527995 ], [ 5.6302886, 51.9364095 ], [ 5.6059396, 51.9431248 ], [ 5.6273086, 51.9524733 ], [ 5.6260642, 51.9740701 ], [ 5.606017, 51.9941644 ], [ 5.675368, 51.9909515 ], [ 5.7243626, 52.0007083 ], [ 5.713639, 51.9681424 ], [ 5.7226056, 51.9640508 ] ] ] ] } },
{ "type": "Feature", "properties": { "id": 76, "code": "GM0293", "areaname": "Westervoort", "area_large": 6337116.903117612, "area_small": null, "surface_in_emp": null, "in_empire": null, "distance_from_border": 0.0 }, "geometry": { "type": "MultiPolygon", "coordinates": [ [ [ [ 5.9657755, 51.9387676 ], [ 5.9552254, 51.9487535 ], [ 5.9524288, 51.9645699 ], [ 5.99034, 51.9744061 ], [ 6.0019652, 51.98065 ], [ 6.0017328, 51.9775517 ], [ 5.9840002, 51.9723995 ], [ 5.9843638, 51.9430209 ], [ 5.9657755, 51.9387676 ] ] ] ] } },
{ "type": "Feature", "properties": { "id": 77, "code": "GM0294", "areaname": "Winterswijk", "area_large": 138305270.52426377, "area_small": null, "surface_in_emp": null, "in_empire": null, "distance_from_border": 40034.302044668766 }, "geometry": { "type": "MultiPolygon", "coordinates": [ [ [ [ 6.6687334, 51.9138634 ], [ 6.659004, 51.9290194 ], [ 6.6341527, 51.9352999 ], [ 6.6290713, 51.950092 ], [ 6.6389158, 51.962547 ], [ 6.6555982, 51.9755448 ], [ 6.6558136, 52.0135626 ], [ 6.6835694, 52.0282021 ], [ 6.6878529, 52.0398562 ], [ 6.7141342, 52.0400647 ], [ 6.7529772, 52.0284056 ], [ 6.8114105, 51.9980965 ], [ 6.8266074, 51.9935274 ], [ 6.8285289, 51.9641054 ], [ 6.7988677, 51.9587156 ], [ 6.7939908, 51.9352935 ], [ 6.7700357, 51.9161989 ], [ 6.7219695, 51.8960633 ], [ 6.6926501, 51.914717 ], [ 6.6687334, 51.9138634 ] ] ] ] } },
{ "type": "Feature", "properties": { "id": 78, "code": "GM0296", "areaname": "Wijchen", "area_large": 69699142.481374681, "area_small": 69699142.481374681, "surface_in_emp": 1.0, "in_empire": 1.0, "distance_from_border": 10428.218035954093 }, "geometry": { "type": "MultiPolygon", "coordinates": [ [ [ [ 5.7647315, 51.8322913 ], [ 5.781652, 51.8088807 ], [ 5.8009487, 51.7951514 ], [ 5.7806588, 51.784204 ], [ 5.7322003, 51.778178 ], [ 5.7297454, 51.772851 ], [ 5.7112299, 51.7750339 ], [ 5.6937162, 51.787741 ], [ 5.6574938, 51.7980301 ], [ 5.6352147, 51.8195437 ], [ 5.5979766, 51.8280494 ], [ 5.6098353, 51.8362738 ], [ 5.6359326, 51.8474573 ], [ 5.6361774, 51.8673616 ], [ 5.6678526, 51.8659266 ], [ 5.6795711, 51.8605255 ], [ 5.6781109, 51.8431468 ], [ 5.7647315, 51.8322913 ] ] ] ] } },
{ "type": "Feature", "properties": { "id": 79, "code": "GM0297", "areaname": "Zaltbommel", "area_large": 90154352.976866364, "area_small": 90154352.976866364, "surface_in_emp": 1.0, "in_empire": 1.0, "distance_from_border": 45376.075966446981 }, "geometry": { "type": "MultiPolygon", "coordinates": [ [ [ [ 5.281718, 51.8212075 ], [ 5.2881706, 51.8001767 ], [ 5.2664525, 51.7931219 ], [ 5.2699197, 51.7743264 ], [ 5.2066015, 51.7690543 ], [ 5.1835187, 51.7558177 ], [ 5.1856998, 51.7419176 ], [ 5.1280547, 51.7376071 ], [ 5.1381126, 51.7507263 ], [ 5.1375808, 51.7729053 ], [ 5.0958904, 51.7876476 ], [ 5.0669662, 51.7805532 ], [ 5.0481463, 51.7981139 ], [ 5.0159704, 51.8082219 ], [ 5.0003639, 51.8209334 ], [ 5.0263518, 51.8188567 ], [ 5.0507268, 51.818533 ], [ 5.0898677, 51.8266425 ], [ 5.1404537, 51.8140931 ], [ 5.1767434, 51.816349 ], [ 5.2032723, 51.8102407 ], [ 5.281718, 51.8212075 ] ] ] ] } },
{ "type": "Feature", "properties": { "id": 80, "code": "GM0299", "areaname": "Zevenaar", "area_large": 106865779.70246617, "area_small": 13435120.229303643, "surface_in_emp": 0.12571957334433406, "in_empire": 0.0, "distance_from_border": 0.0 }, "geometry": { "type": "MultiPolygon", "coordinates": [ [ [ [ 6.1095905, 51.9964367 ], [ 6.1592505, 51.9997398 ], [ 6.1604835, 51.9810367 ], [ 6.1446883, 51.9805002 ], [ 6.1052007, 51.9666972 ], [ 6.0903937, 51.9678443 ], [ 6.0914279, 51.938721 ], [ 6.1679118, 51.9009419 ], [ 6.1573855, 51.9051004 ], [ 6.110176, 51.8949429 ], [ 6.1371271, 51.8858027 ], [ 6.1445391, 51.8697445 ], [ 6.1669185, 51.8616421 ], [ 6.1665598, 51.8407216 ], [ 6.1072268, 51.8480991 ], [ 6.0634856, 51.8654512 ], [ 6.0462847, 51.8709132 ], [ 6.021803, 51.8963234 ], [ 5.9870626, 51.9133138 ], [ 6.0434642, 51.9174613 ], [ 6.0584615, 51.9583094 ], [ 6.0607723, 51.9818593 ], [ 6.0343056, 51.9713531 ], [ 6.0017328, 51.9775517 ], [ 6.0019652, 51.98065 ], [ 6.0640867, 52.014997 ], [ 6.0937491, 51.9927873 ], [ 6.1095905, 51.9964367 ] ] ] ] } },
{ "type": "Feature", "properties": { "id": 81, "code": "GM0301", "areaname": "Zutphen", "area_large": 43222749.737930059, "area_small": null, "surface_in_emp": null, "in_empire": null, "distance_from_border": 14856.482492503434 }, "geometry": { "type": "MultiPolygon", "coordinates": [ [ [ [ 6.2401509, 52.1460504 ], [ 6.2492851, 52.1474507 ], [ 6.3240009, 52.1527525 ], [ 6.3283144, 52.1377124 ], [ 6.2775001, 52.1216859 ], [ 6.2582333, 52.1102723 ], [ 6.2359214, 52.1137165 ], [ 6.2178989, 52.0978813 ], [ 6.2153525, 52.1089663 ], [ 6.1921905, 52.1142142 ], [ 6.1733958, 52.1449698 ], [ 6.1505895, 52.1439777 ], [ 6.1474222, 52.1579956 ], [ 6.1816051, 52.1527056 ], [ 6.1846785, 52.1612226 ], [ 6.1927994, 52.1698013 ], [ 6.2352609, 52.1554286 ], [ 6.2401509, 52.1460504 ] ] ] ] } },
{ "type": "Feature", "properties": { "id": 82, "code": "GM0302", "areaname": "Nunspeet", "area_large": 127229378.92759895, "area_small": null, "surface_in_emp": null, "in_empire": null, "distance_from_border": 3264.1308997591441 }, "geometry": { "type": "MultiPolygon", "coordinates": [ [ [ [ 5.8760094, 52.3578728 ], [ 5.8648143, 52.3513289 ], [ 5.8809513, 52.335186 ], [ 5.840831, 52.304397 ], [ 5.8508112, 52.2686954 ], [ 5.8214267, 52.2726719 ], [ 5.7492273, 52.2682729 ], [ 5.7546481, 52.2826022 ], [ 5.7438372, 52.2980473 ], [ 5.7507478, 52.3170738 ], [ 5.7061713, 52.3283818 ], [ 5.7124806, 52.3318454 ], [ 5.6956559, 52.3607605 ], [ 5.6789216, 52.3788413 ], [ 5.6998833, 52.3812492 ], [ 5.7569124, 52.4068678 ], [ 5.7707475, 52.3955155 ], [ 5.8116715, 52.4027989 ], [ 5.8213999, 52.3910034 ], [ 5.864792, 52.3596582 ], [ 5.8760094, 52.3578728 ] ] ] ] } },
{ "type": "Feature", "properties": { "id": 83, "code": "GM0303", "areaname": "Dronten", "area_large": 338845896.42654043, "area_small": null, "surface_in_emp": null, "in_empire": null, "distance_from_border": 9865.339683312648 }, "geometry": { "type": "MultiPolygon", "coordinates": [ [ [ [ 5.8565082, 52.5458501 ], [ 5.8569503, 52.5440272 ], [ 5.8569949, 52.5181961 ], [ 5.847548, 52.4934517 ], [ 5.8174177, 52.4573019 ], [ 5.8173772, 52.4572553 ], [ 5.7970586, 52.4388321 ], [ 5.7470112, 52.4145825 ], [ 5.7201127, 52.4161354 ], [ 5.6614696, 52.3979374 ], [ 5.6151894, 52.3708405 ], [ 5.6147341, 52.3705651 ], [ 5.6146693, 52.3705259 ], [ 5.6229832, 52.4088016 ], [ 5.58907, 52.4111866 ], [ 5.5666368, 52.435863 ], [ 5.5863886, 52.4477106 ], [ 5.5654198, 52.4702807 ], [ 5.6058703, 52.4845198 ], [ 5.5913608, 52.4999637 ], [ 5.5874105, 52.5634598 ], [ 5.5728885, 52.5961574 ], [ 5.6283152, 52.605359 ], [ 5.6500371, 52.6155937 ], [ 5.6512093, 52.6147663 ], [ 5.6547654, 52.5973366 ], [ 5.7557087, 52.5818941 ], [ 5.8128231, 52.5774633 ], [ 5.8565082, 52.5458501 ] ] ] ] } },
{ "type": "Feature", "properties": { "id": 84, "code": "GM0307", "areaname": "Amersfoort", "area_large": 63019271.988431245, "area_small": 63019271.988431245, "surface_in_emp": 1.0, "in_empire": 1.0, "distance_from_border": 3099.4178377524158 }, "geometry": { "type": "MultiPolygon", "coordinates": [ [ [ [ 5.3955224, 52.2191538 ], [ 5.4096699, 52.2185796 ], [ 5.4394491, 52.2021951 ], [ 5.4398755, 52.1711975 ], [ 5.4799224, 52.1658146 ], [ 5.475508, 52.1643776 ], [ 5.4724333, 52.1628509 ], [ 5.4821161, 52.1597957 ], [ 5.4814955, 52.1582973 ], [ 5.4813418, 52.150501 ], [ 5.4424641, 52.1614481 ], [ 5.4235474, 52.1576201 ], [ 5.3971274, 52.133947 ], [ 5.3556352, 52.1368296 ], [ 5.3109198, 52.1083844 ], [ 5.3064586, 52.1102715 ], [ 5.3312678, 52.1266302 ], [ 5.3306435, 52.1357033 ], [ 5.3498976, 52.175605 ], [ 5.3236966, 52.1825885 ], [ 5.314282, 52.2030227 ], [ 5.3305414, 52.2147317 ], [ 5.3927355, 52.2055277 ], [ 5.3955224, 52.2191538 ] ] ] ] } },
{ "type": "Feature", "properties": { "id": 85, "code": "GM0308", "areaname": "Baarn", "area_large": 33801252.124705315, "area_small": 33801252.124705315, "surface_in_emp": 1.0, "in_empire": 1.0, "distance_from_border": 4500.5961628828718 }, "geometry": { "type": "MultiPolygon", "coordinates": [ [ [ [ 5.3305414, 52.2147317 ], [ 5.314282, 52.2030227 ], [ 5.2702155, 52.1885256 ], [ 5.2431726, 52.1700764 ], [ 5.2249988, 52.1656996 ], [ 5.2120756, 52.1763739 ], [ 5.2155007, 52.2042734 ], [ 5.2189603, 52.2121287 ], [ 5.2247302, 52.2251971 ], [ 5.3009696, 52.2235243 ], [ 5.312278, 52.2328288 ], [ 5.3355412, 52.228452 ], [ 5.3305414, 52.2147317 ] ] ] ] } },
{ "type": "Feature", "properties": { "id": 86, "code": "GM0310", "areaname": "De Bilt", "area_large": 66388765.564279079, "area_small": 66388765.564279079, "surface_in_emp": 1.0, "in_empire": 1.0, "distance_from_border": 10256.341706476418 }, "geometry": { "type": "MultiPolygon", "coordinates": [ [ [ [ 5.2249988, 52.1656996 ], [ 5.2309304, 52.1167889 ], [ 5.2182192, 52.1136727 ], [ 5.2055246, 52.0848956 ], [ 5.1927521, 52.0860764 ], [ 5.161321, 52.0943845 ], [ 5.1493101, 52.1184912 ], [ 5.1070928, 52.1332112 ], [ 5.120529, 52.1455411 ], [ 5.0948897, 52.155349 ], [ 5.1188452, 52.172406 ], [ 5.1153111, 52.1798163 ], [ 5.1241106, 52.1808274 ], [ 5.192586, 52.1778329 ], [ 5.2155007, 52.2042734 ], [ 5.2120756, 52.1763739 ], [ 5.2249988, 52.1656996 ] ] ] ] } },
{ "type": "Feature", "properties": { "id": 87, "code": "GM0312", "areaname": "Bunnik", "area_large": 37509818.772853255, "area_small": 37509818.772853255, "surface_in_emp": 1.0, "in_empire": 1.0, "distance_from_border": 23462.338118330543 }, "geometry": { "type": "MultiPolygon", "coordinates": [ [ [ [ 5.195155, 52.0773463 ], [ 5.2474231, 52.0586466 ], [ 5.2632394, 52.0243801 ], [ 5.2799099, 52.0107216 ], [ 5.2431906, 51.998793 ], [ 5.2294085, 52.011193 ], [ 5.202165, 52.0174467 ], [ 5.2009106, 52.0316632 ], [ 5.1530306, 52.0567573 ], [ 5.1604414, 52.0777885 ], [ 5.195155, 52.0773463 ] ] ] ] } },
{ "type": "Feature", "properties": { "id": 88, "code": "GM0313", "areaname": "Bunschoten", "area_large": 30665200.236380816, "area_small": 29492014.903544664, "surface_in_emp": 0.96174212710849027, "in_empire": 1.0, "distance_from_border": 0.0 }, "geometry": { "type": "MultiPolygon", "coordinates": [ [ [ [ 5.3312408, 52.2736107 ], [ 5.3569265, 52.2698349 ], [ 5.403502, 52.2467454 ], [ 5.3955224, 52.2191538 ], [ 5.3927355, 52.2055277 ], [ 5.3305414, 52.2147317 ], [ 5.3355412, 52.228452 ], [ 5.312278, 52.2328288 ], [ 5.3312408, 52.2736107 ] ] ] ] } },
{ "type": "Feature", "properties": { "id": 89, "code": "GM0317", "areaname": "Eemnes", "area_large": 31758181.589363098, "area_small": 31758181.589363098, "surface_in_emp": 1.0, "in_empire": 1.0, "distance_from_border": 0.0 }, "geometry": { "type": "MultiPolygon", "coordinates": [ [ [ [ 5.3064654, 52.2776057 ], [ 5.3312408, 52.2736107 ], [ 5.312278, 52.2328288 ], [ 5.3009696, 52.2235243 ], [ 5.2247302, 52.2251971 ], [ 5.2440811, 52.2546628 ], [ 5.2657692, 52.2816446 ], [ 5.3064654, 52.2776057 ] ] ] ] } },
{ "type": "Feature", "properties": { "id": 90, "code": "GM0321", "areaname": "Houten", "area_large": 57552681.069620252, "area_small": 57552681.069620252, "surface_in_emp": 1.0, "in_empire": 1.0, "distance_from_border": 26722.478224865525 }, "geometry": { "type": "MultiPolygon", "coordinates": [ [ [ [ 5.1530306, 52.0567573 ], [ 5.2009106, 52.0316632 ], [ 5.202165, 52.0174467 ], [ 5.2294085, 52.011193 ], [ 5.2431906, 51.998793 ], [ 5.2562711, 51.9709414 ], [ 5.2299125, 51.975649 ], [ 5.2059888, 51.9594325 ], [ 5.1802267, 51.9674483 ], [ 5.1468832, 51.9768174 ], [ 5.1396768, 51.9939432 ], [ 5.1195632, 51.9999241 ], [ 5.1283863, 52.0247811 ], [ 5.1217742, 52.0304328 ], [ 5.126832, 52.0549182 ], [ 5.1530306, 52.0567573 ] ] ] ] } },
{ "type": "Feature", "properties": { "id": 91, "code": "GM0327", "areaname": "Leusden", "area_large": 58884965.905212283, "area_small": 58884965.905212283, "surface_in_emp": 1.0, "in_empire": 1.0, "distance_from_border": 9849.7629586989715 }, "geometry": { "type": "MultiPolygon", "coordinates": [ [ [ [ 5.4864471, 52.1153597 ], [ 5.4719873, 52.1014557 ], [ 5.4438067, 52.1070746 ], [ 5.4324063, 52.0968977 ], [ 5.4045209, 52.1041064 ], [ 5.4013321, 52.0893335 ], [ 5.3405677, 52.0950315 ], [ 5.3224624, 52.1019009 ], [ 5.3109198, 52.1083844 ], [ 5.3556352, 52.1368296 ], [ 5.3971274, 52.133947 ], [ 5.4235474, 52.1576201 ], [ 5.4424641, 52.1614481 ], [ 5.4813418, 52.150501 ], [ 5.4989847, 52.1473614 ], [ 5.4979131, 52.1302829 ], [ 5.4864471, 52.1153597 ] ] ] ] } },
{ "type": "Feature", "properties": { "id": 92, "code": "GM0331", "areaname": "Lopik", "area_large": 78069269.020417213, "area_small": 78069269.020417213, "surface_in_emp": 1.0, "in_empire": 1.0, "distance_from_border": 32637.639806354804 }, "geometry": { "type": "MultiPolygon", "coordinates": [ [ [ [ 5.0626381, 51.9912331 ], [ 5.0361275, 51.9713285 ], [ 4.9980735, 51.9778715 ], [ 4.9681018, 51.9593365 ], [ 4.9398205, 51.96344 ], [ 4.9263013, 51.9509279 ], [ 4.9140113, 51.9424359 ], [ 4.8777929, 51.9380307 ], [ 4.8603822, 51.9680135 ], [ 4.8352178, 51.986143 ], [ 4.9097347, 52.0110414 ], [ 4.9200448, 52.010014 ], [ 4.9951947, 52.0217204 ], [ 5.0203537, 52.0255655 ], [ 5.0340021, 52.0039369 ], [ 5.0626381, 51.9912331 ] ] ] ] } },
{ "type": "Feature", "properties": { "id": 93, "code": "GM0335", "areaname": "Montfoort", "area_large": 41137961.149318218, "area_small": 41137961.149318218, "surface_in_emp": 1.0, "in_empire": 1.0, "distance_from_border": 28900.251931356121 }, "geometry": { "type": "MultiPolygon", "coordinates": [ [ [ [ 4.9994983, 52.0661314 ], [ 5.0170745, 52.0611429 ], [ 4.9910748, 52.0528643 ], [ 4.983139, 52.0277846 ], [ 4.9951947, 52.0217204 ], [ 4.9200448, 52.010014 ], [ 4.9049746, 52.0264775 ], [ 4.926681, 52.0299869 ], [ 4.868225, 52.0634463 ], [ 4.8732004, 52.0687454 ], [ 4.9016134, 52.0703964 ], [ 4.9362024, 52.0798658 ], [ 4.9563333, 52.0702994 ], [ 4.9994983, 52.0661314 ] ] ] ] } },
{ "type": "Feature", "properties": { "id": 94, "code": "GM0339", "areaname": "Renswoude", "area_large": 18412030.35114181, "area_small": 18412030.35114181, "surface_in_emp": 1.0, "in_empire": 1.0, "distance_from_border": 16828.685279417441 }, "geometry": { "type": "MultiPolygon", "coordinates": [ [ [ [ 5.5503426, 52.1054195 ], [ 5.5627462, 52.078278 ], [ 5.5579033, 52.0488651 ], [ 5.5293479, 52.0402024 ], [ 5.5156812, 52.0541912 ], [ 5.497876, 52.0570182 ], [ 5.496128, 52.0716779 ], [ 5.5226544, 52.0775421 ], [ 5.5371185, 52.0886438 ], [ 5.5315433, 52.102267 ], [ 5.5503426, 52.1054195 ] ] ] ] } },
{ "type": "Feature", "properties": { "id": 95, "code": "GM0340", "areaname": "Rhenen", "area_large": 43552327.263739944, "area_small": 43552327.263739944, "surface_in_emp": 1.0, "in_empire": 1.0, "distance_from_border": 21856.433022743728 }, "geometry": { "type": "MultiPolygon", "coordinates": [ [ [ [ 5.5894887, 52.0094555 ], [ 5.606017, 51.9941644 ], [ 5.6260642, 51.9740701 ], [ 5.6273086, 51.9524733 ], [ 5.6059396, 51.9431248 ], [ 5.5866166, 51.9508289 ], [ 5.5612525, 51.9545018 ], [ 5.5402081, 51.9672815 ], [ 5.4776645, 51.9834727 ], [ 5.4942017, 51.9949011 ], [ 5.5125922, 52.0185161 ], [ 5.5532292, 51.9990308 ], [ 5.5704786, 51.9969584 ], [ 5.5894887, 52.0094555 ] ] ] ] } },
{ "type": "Feature", "properties": { "id": 96, "code": "GM0342", "areaname": "Soest", "area_large": 47267038.544952273, "area_small": 47267038.544952273, "surface_in_emp": 1.0, "in_empire": 1.0, "distance_from_border": 7615.2403699366096 }, "geometry": { "type": "MultiPolygon", "coordinates": [ [ [ [ 5.314282, 52.2030227 ], [ 5.3236966, 52.1825885 ], [ 5.3498976, 52.175605 ], [ 5.3306435, 52.1357033 ], [ 5.3312678, 52.1266302 ], [ 5.3064586, 52.1102715 ], [ 5.2822131, 52.112083 ], [ 5.2561834, 52.136378 ], [ 5.2431726, 52.1700764 ], [ 5.2702155, 52.1885256 ], [ 5.314282, 52.2030227 ] ] ] ] } },
{ "type": "Feature", "properties": { "id": 97, "code": "GM0344", "areaname": "Utrecht", "area_large": 96158745.513740897, "area_small": 96158745.513740897, "surface_in_emp": 1.0, "in_empire": 1.0, "distance_from_border": 19524.044471788893 }, "geometry": { "type": "MultiPolygon", "coordinates": [ [ [ [ 5.1070928, 52.1332112 ], [ 5.1493101, 52.1184912 ], [ 5.161321, 52.0943845 ], [ 5.1927521, 52.0860764 ], [ 5.195155, 52.0773463 ], [ 5.1604414, 52.0777885 ], [ 5.1530306, 52.0567573 ], [ 5.126832, 52.0549182 ], [ 5.0732214, 52.0622222 ], [ 5.0641715, 52.0515773 ], [ 5.062801, 52.0268232 ], [ 5.0514213, 52.0301054 ], [ 5.0170745, 52.0611429 ], [ 4.9994983, 52.0661314 ], [ 5.0050071, 52.0884521 ], [ 4.970096, 52.1224417 ], [ 5.0027, 52.1413013 ], [ 5.0325108, 52.1168366 ], [ 5.0612045, 52.1225618 ], [ 5.0871645, 52.1356715 ], [ 5.1070928, 52.1332112 ] ] ] ] } },
{ "type": "Feature", "properties": { "id": 98, "code": "GM0345", "areaname": "Veenendaal", "area_large": 19796208.457045794, "area_small": 19796208.457045794, "surface_in_emp": 1.0, "in_empire": 1.0, "distance_from_border": 20310.806054447443 }, "geometry": { "type": "MultiPolygon", "coordinates": [ [ [ [ 5.5579033, 52.0488651 ], [ 5.5867116, 52.0312904 ], [ 5.5894887, 52.0094555 ], [ 5.5704786, 51.9969584 ], [ 5.5532292, 51.9990308 ], [ 5.5125922, 52.0185161 ], [ 5.5293479, 52.0402024 ], [ 5.5579033, 52.0488651 ] ] ] ] } },
{ "type": "Feature", "properties": { "id": 99, "code": "GM0351", "areaname": "Woudenberg", "area_large": 35385786.622021556, "area_small": 35385786.622021556, "surface_in_emp": 1.0, "in_empire": 1.0, "distance_from_border": 15534.019054355615 }, "geometry": { "type": "MultiPolygon", "coordinates": [ [ [ [ 5.496128, 52.0716779 ], [ 5.497876, 52.0570182 ], [ 5.4457027, 52.0452589 ], [ 5.4351506, 52.0478853 ], [ 5.4374662, 52.0720155 ], [ 5.3322509, 52.0841634 ], [ 5.3224624, 52.1019009 ], [ 5.3405677, 52.0950315 ], [ 5.4013321, 52.0893335 ], [ 5.4045209, 52.1041064 ], [ 5.4324063, 52.0968977 ], [ 5.4438067, 52.1070746 ], [ 5.4719873, 52.1014557 ], [ 5.4864471, 52.1153597 ], [ 5.4938617, 52.1110973 ], [ 5.4860827, 52.0936568 ], [ 5.4592433, 52.0802255 ], [ 5.496128, 52.0716779 ] ] ] ] } },
{ "type": "Feature", "properties": { "id": 100, "code": "GM0352", "areaname": "Wijk bij Duurstede", "area_large": 49828522.009346247, "area_small": 49828522.009346247, "surface_in_emp": 1.0, "in_empire": 1.0, "distance_from_border": 25196.455049693941 }, "geometry": { "type": "MultiPolygon", "coordinates": [ [ [ [ 5.3909761, 51.9707302 ], [ 5.3482552, 51.9676863 ], [ 5.3331184, 51.9572009 ], [ 5.2703736, 51.9654266 ], [ 5.2562711, 51.9709414 ], [ 5.2431906, 51.998793 ], [ 5.2799099, 52.0107216 ], [ 5.29122, 52.0083538 ], [ 5.3146482, 52.0270007 ], [ 5.3442916, 52.0201937 ], [ 5.3816471, 52.0021378 ], [ 5.3784299, 51.986082 ], [ 5.3909761, 51.9707302 ] ] ] ] } },
{ "type": "Feature", "properties": { "id": 101, "code": "GM0353", "areaname": "IJsselstein", "area_large": 22383466.927330017, "area_small": 22383466.927330017, "surface_in_emp": 1.0, "in_empire": 1.0, "distance_from_border": 28968.623046483764 }, "geometry": { "type": "MultiPolygon", "coordinates": [ [ [ [ 5.0170745, 52.0611429 ], [ 5.0514213, 52.0301054 ], [ 5.062801, 52.0268232 ], [ 5.0775352, 51.9974518 ], [ 5.0626381, 51.9912331 ], [ 5.0340021, 52.0039369 ], [ 5.0203537, 52.0255655 ], [ 4.9951947, 52.0217204 ], [ 4.983139, 52.0277846 ], [ 4.9910748, 52.0528643 ], [ 5.0170745, 52.0611429 ] ] ] ] } },
{ "type": "Feature", "properties": { "id": 102, "code": "GM0355", "areaname": "Zeist", "area_large": 49081433.28345561, "area_small": 49081433.28345561, "surface_in_emp": 1.0, "in_empire": 1.0, "distance_from_border": 12722.686400279103 }, "geometry": { "type": "MultiPolygon", "coordinates": [ [ [ [ 5.2431726, 52.1700764 ], [ 5.2561834, 52.136378 ], [ 5.2822131, 52.112083 ], [ 5.3064586, 52.1102715 ], [ 5.3109198, 52.1083844 ], [ 5.3224624, 52.1019009 ], [ 5.3322509, 52.0841634 ], [ 5.3204228, 52.0703269 ], [ 5.291153, 52.0863531 ], [ 5.2474231, 52.0586466 ], [ 5.195155, 52.0773463 ], [ 5.1927521, 52.0860764 ], [ 5.2055246, 52.0848956 ], [ 5.2182192, 52.1136727 ], [ 5.2309304, 52.1167889 ], [ 5.2249988, 52.1656996 ], [ 5.2431726, 52.1700764 ] ] ] ] } },
{ "type": "Feature", "properties": { "id": 103, "code": "GM0356", "areaname": "Nieuwegein", "area_large": 26290012.253826499, "area_small": 26290012.253826499, "surface_in_emp": 1.0, "in_empire": 1.0, "distance_from_border": 27659.478705423502 }, "geometry": { "type": "MultiPolygon", "coordinates": [ [ [ [ 5.126832, 52.0549182 ], [ 5.1217742, 52.0304328 ], [ 5.1283863, 52.0247811 ], [ 5.1195632, 51.9999241 ], [ 5.0775352, 51.9974518 ], [ 5.062801, 52.0268232 ], [ 5.0641715, 52.0515773 ], [ 5.0732214, 52.0622222 ], [ 5.126832, 52.0549182 ] ] ] ] } },
{ "type": "Feature", "properties": { "id": 104, "code": "GM0358", "areaname": "Aalsmeer", "area_large": 32564329.685002595, "area_small": 32564329.685002595, "surface_in_emp": 1.0, "in_empire": 1.0, "distance_from_border": 13612.663492685733 }, "geometry": { "type": "MultiPolygon", "coordinates": [ [ [ [ 4.7237644, 52.2165737 ], [ 4.7241545, 52.2323713 ], [ 4.6862106, 52.2266335 ], [ 4.6703481, 52.2307558 ], [ 4.7018673, 52.2444679 ], [ 4.7258772, 52.2633388 ], [ 4.765113, 52.2767821 ], [ 4.8098837, 52.3057761 ], [ 4.823827, 52.2900154 ], [ 4.7946973, 52.2606818 ], [ 4.7708667, 52.2499089 ], [ 4.7732715, 52.241034 ], [ 4.7237644, 52.2165737 ] ] ] ] } },
{ "type": "Feature", "properties": { "id": 105, "code": "GM0361", "areaname": "Alkmaar", "area_large": 116715598.8760066, "area_small": null, "surface_in_emp": null, "in_empire": null, "distance_from_border": 0.0 }, "geometry": { "type": "MultiPolygon", "coordinates": [ [ [ [ 4.8005095, 52.6602409 ], [ 4.7863635, 52.6401597 ], [ 4.8302246, 52.6326779 ], [ 4.8385493, 52.6461378 ], [ 4.8734018, 52.6344406 ], [ 4.8880501, 52.6273789 ], [ 4.8839923, 52.6131386 ], [ 4.9220448, 52.6114844 ], [ 4.9269255, 52.606697 ], [ 4.9153758, 52.6086421 ], [ 4.8897735, 52.5938895 ], [ 4.8339104, 52.5389603 ], [ 4.7898609, 52.5192359 ], [ 4.7824765, 52.519581 ], [ 4.7777334, 52.5337449 ], [ 4.7816228, 52.5571022 ], [ 4.7447016, 52.5679417 ], [ 4.7521386, 52.5918909 ], [ 4.7374619, 52.5938583 ], [ 4.7394511, 52.6138682 ], [ 4.7145865, 52.6247819 ], [ 4.7100347, 52.6424675 ], [ 4.752411, 52.6714455 ], [ 4.7417416, 52.6808069 ], [ 4.7790258, 52.676484 ], [ 4.7736694, 52.6483544 ], [ 4.8005095, 52.6602409 ] ] ] ] } },
{ "type": "Feature", "properties": { "id": 106, "code": "GM0362", "areaname": "Amstelveen", "area_large": 42888114.866719723, "area_small": 42888114.866719723, "surface_in_emp": 1.0, "in_empire": 1.0, "distance_from_border": 7311.9214853237345 }, "geometry": { "type": "MultiPolygon", "coordinates": [ [ [ [ 4.9091353, 52.3182532 ], [ 4.9078119, 52.3070029 ], [ 4.8787835, 52.2789025 ], [ 4.8701213, 52.2532822 ], [ 4.8520533, 52.2420135 ], [ 4.7946973, 52.2606818 ], [ 4.823827, 52.2900154 ], [ 4.8098837, 52.3057761 ], [ 4.8187526, 52.3255603 ], [ 4.9091353, 52.3182532 ] ] ] ] } },
{ "type": "Feature", "properties": { "id": 107, "code": "GM0363", "areaname": "Amsterdam", "area_large": 202548687.91716981, "area_small": 194890960.34128547, "surface_in_emp": 0.96219315141149719, "in_empire": 1.0, "distance_from_border": 0.0 }, "geometry": { "type": "MultiPolygon", "coordinates": [ [ [ [ 5.0161337, 52.3245121 ], [ 5.0179328, 52.3231923 ], [ 5.0215432, 52.3024569 ], [ 4.9974754, 52.2891184 ], [ 4.983506, 52.2903681 ], [ 4.9552405, 52.2783049 ], [ 4.9294257, 52.3086274 ], [ 4.9447162, 52.3271297 ], [ 5.0161337, 52.3245121 ] ] ], [ [ [ 4.8626775, 52.4299413 ], [ 4.898741, 52.4244898 ], [ 4.9307159, 52.4116076 ], [ 4.9477886, 52.4215622 ], [ 5.0002921, 52.4254069 ], [ 5.0491771, 52.4151293 ], [ 5.0682635, 52.4165581 ], [ 5.0294262, 52.3987147 ], [ 5.0137845, 52.3806654 ], [ 4.9801196, 52.3737155 ], [ 4.9847399, 52.3648751 ], [ 5.0191637, 52.350409 ], [ 5.0123044, 52.3438463 ], [ 4.9993207, 52.3415363 ], [ 4.9695948, 52.3561017 ], [ 4.9498602, 52.3385282 ], [ 4.9129317, 52.3305104 ], [ 4.9091353, 52.3182532 ], [ 4.8187526, 52.3255603 ], [ 4.7556838, 52.35615 ], [ 4.757482, 52.3968828 ], [ 4.7287589, 52.4007113 ], [ 4.7392081, 52.4310638 ], [ 4.856078, 52.4166622 ], [ 4.8626775, 52.4299413 ] ] ] ] } },
{ "type": "Feature", "properties": { "id": 108, "code": "GM0370", "areaname": "Beemster", "area_large": 69759317.764173925, "area_small": null, "surface_in_emp": null, "in_empire": null, "distance_from_border": 2518.0295479872834 }, "geometry": { "type": "MultiPolygon", "coordinates": [ [ [ [ 4.9498499, 52.5952853 ], [ 4.9552391, 52.5799552 ], [ 4.9800974, 52.5869618 ], [ 4.9971681, 52.5751215 ], [ 4.976505, 52.5611524 ], [ 4.9756557, 52.5453958 ], [ 4.9569987, 52.5291104 ], [ 4.9541006, 52.5163523 ], [ 4.9343521, 52.5116406 ], [ 4.8497973, 52.5250395 ], [ 4.8339104, 52.5389603 ], [ 4.8897735, 52.5938895 ], [ 4.9153758, 52.6086421 ], [ 4.9269255, 52.606697 ], [ 4.9498499, 52.5952853 ] ] ] ] } },
{ "type": "Feature", "properties": { "id": 109, "code": "GM0373", "areaname": "Bergen (NH.)", "area_large": 101217833.91062975, "area_small": null, "surface_in_emp": null, "in_empire": null, "distance_from_border": 4727.0664643666187 }, "geometry": { "type": "MultiPolygon", "coordinates": [ [ [ [ 4.7288538, 52.6914038 ], [ 4.7417416, 52.6808069 ], [ 4.752411, 52.6714455 ], [ 4.7100347, 52.6424675 ], [ 4.7145865, 52.6247819 ], [ 4.6899932, 52.623751 ], [ 4.6725814, 52.5909041 ], [ 4.6549805, 52.58287 ], [ 4.6099652, 52.5737443 ], [ 4.6267692, 52.6647692 ], [ 4.6375803, 52.7075362 ], [ 4.6366068, 52.7286676 ], [ 4.6455986, 52.7566627 ], [ 4.6903521, 52.7326224 ], [ 4.7158071, 52.7100473 ], [ 4.7288538, 52.6914038 ] ] ] ] } },
{ "type": "Feature", "properties": { "id": 110, "code": "GM0375", "areaname": "Beverwijk", "area_large": 19178834.629351139, "area_small": 18857079.062500238, "surface_in_emp": 0.98322340365986116, "in_empire": 1.0, "distance_from_border": 0.0 }, "geometry": { "type": "MultiPolygon", "coordinates": [ [ [ [ 4.7079689, 52.4863324 ], [ 4.6978186, 52.4710338 ], [ 4.674848, 52.4555204 ], [ 4.6533332, 52.4771547 ], [ 4.5805121, 52.4895086 ], [ 4.5865633, 52.4991613 ], [ 4.6043138, 52.4943888 ], [ 4.6660541, 52.501744 ], [ 4.7079689, 52.4863324 ] ] ] ] } },
{ "type": "Feature", "properties": { "id": 111, "code": "GM0376", "areaname": "Blaricum", "area_large": 10358125.978237867, "area_small": 9297721.3633899689, "surface_in_emp": 0.89762582371794097, "in_empire": 1.0, "distance_from_border": 0.0 }, "geometry": { "type": "MultiPolygon", "coordinates": [ [ [ [ 5.3139032, 52.3031009 ], [ 5.2972319, 52.2931606 ], [ 5.3064654, 52.2776057 ], [ 5.2657692, 52.2816446 ], [ 5.2440811, 52.2546628 ], [ 5.2259806, 52.2681977 ], [ 5.203822, 52.2671151 ], [ 5.2878099, 52.2976031 ], [ 5.3134128, 52.3033733 ], [ 5.3139032, 52.3031009 ] ] ] ] } },
{ "type": "Feature", "properties": { "id": 112, "code": "GM0377", "areaname": "Bloemendaal", "area_large": 42181597.811144263, "area_small": 41264700.094435126, "surface_in_emp": 0.9782630871212068, "in_empire": 1.0, "distance_from_border": 3055.0787691494129 }, "geometry": { "type": "MultiPolygon", "coordinates": [ [ [ [ 4.6316476, 52.4116655 ], [ 4.6216058, 52.3879818 ], [ 4.5995517, 52.3772195 ], [ 4.6057237, 52.3634049 ], [ 4.5902633, 52.3285229 ], [ 4.6113839, 52.3222046 ], [ 4.611676, 52.3135599 ], [ 4.5690755, 52.316483 ], [ 4.5637074, 52.309298 ], [ 4.5473223, 52.3139966 ], [ 4.591659, 52.3917157 ], [ 4.5415648, 52.4013364 ], [ 4.5604427, 52.4380058 ], [ 4.5878229, 52.4344364 ], [ 4.6235763, 52.4220751 ], [ 4.6316476, 52.4116655 ] ] ] ] } },
{ "type": "Feature", "properties": { "id": 113, "code": "GM0383", "areaname": "Castricum", "area_large": 54555068.744774222, "area_small": 10244945.418811798, "surface_in_emp": 0.18779089926072454, "in_empire": 0.0, "distance_from_border": 0.0 }, "geometry": { "type": "MultiPolygon", "coordinates": [ [ [ [ 4.7777334, 52.5337449 ], [ 4.7552756, 52.5357356 ], [ 4.7187862, 52.5516229 ], [ 4.6945345, 52.5441883 ], [ 4.6957362, 52.5267281 ], [ 4.6599693, 52.5317514 ], [ 4.5983027, 52.5311407 ], [ 4.6099652, 52.5737443 ], [ 4.6549805, 52.58287 ], [ 4.6725814, 52.5909041 ], [ 4.6965875, 52.5789779 ], [ 4.7399927, 52.5789281 ], [ 4.7521386, 52.5918909 ], [ 4.7447016, 52.5679417 ], [ 4.7816228, 52.5571022 ], [ 4.7777334, 52.5337449 ] ] ] ] } },
{ "type": "Feature", "properties": { "id": 114, "code": "GM0384", "areaname": "Diemen", "area_large": 11606888.806083679, "area_small": 11606888.806083679, "surface_in_emp": 1.0, "in_empire": 1.0, "distance_from_border": 0.0 }, "geometry": { "type": "MultiPolygon", "coordinates": [ [ [ [ 5.0123044, 52.3438463 ], [ 5.027541, 52.3377362 ], [ 5.0161337, 52.3245121 ], [ 4.9447162, 52.3271297 ], [ 4.9498602, 52.3385282 ], [ 4.9695948, 52.3561017 ], [ 4.9993207, 52.3415363 ], [ 5.0123044, 52.3438463 ] ] ] ] } },
{ "type": "Feature", "properties": { "id": 115, "code": "GM0385", "areaname": "Edam-Volendam", "area_large": 58059389.714040339, "area_small": null, "surface_in_emp": null, "in_empire": null, "distance_from_border": 3577.4803246830634 }, "geometry": { "type": "MultiPolygon", "coordinates": [ [ [ [ 5.0594814, 52.4856145 ], [ 5.0246112, 52.4849255 ], [ 4.9979644, 52.4947328 ], [ 5.0247001, 52.5224027 ], [ 4.992019, 52.5198319 ], [ 4.9569987, 52.5291104 ], [ 4.9756557, 52.5453958 ], [ 4.976505, 52.5611524 ], [ 4.9971681, 52.5751215 ], [ 4.9800974, 52.5869618 ], [ 4.9552391, 52.5799552 ], [ 4.9498499, 52.5952853 ], [ 5.0048812, 52.597573 ], [ 5.0196593, 52.6124536 ], [ 5.0311294, 52.567565 ], [ 5.0547546, 52.5446039 ], [ 5.0664027, 52.5228808 ], [ 5.0856926, 52.5037576 ], [ 5.0594814, 52.4856145 ] ] ] ] } },
{ "type": "Feature", "properties": { "id": 116, "code": "GM0388", "areaname": "Enkhuizen", "area_large": 13215043.885357499, "area_small": null, "surface_in_emp": null, "in_empire": null, "distance_from_border": 30885.585043193441 }, "geometry": { "type": "MultiPolygon", "coordinates": [ [ [ [ 5.2719657, 52.746327 ], [ 5.2828489, 52.7404932 ], [ 5.2879985, 52.7148039 ], [ 5.3000625, 52.7079389 ], [ 5.2874249, 52.691165 ], [ 5.2868834, 52.6898955 ], [ 5.2592484, 52.6869056 ], [ 5.2575014, 52.7161808 ], [ 5.2550665, 52.7421594 ], [ 5.2719657, 52.746327 ] ] ] ] } },
{ "type": "Feature", "properties": { "id": 117, "code": "GM0392", "areaname": "Haarlem", "area_large": 30524348.834393807, "area_small": 30524348.834393807, "surface_in_emp": 1.0, "in_empire": 1.0, "distance_from_border": 7157.9339784818776 }, "geometry": { "type": "MultiPolygon", "coordinates": [ [ [ [ 4.6824762, 52.4138487 ], [ 4.6686646, 52.4013994 ], [ 4.6859957, 52.3835177 ], [ 4.671377, 52.3703804 ], [ 4.6714826, 52.3501469 ], [ 4.639648, 52.3389061 ], [ 4.6366263, 52.3614842 ], [ 4.6057237, 52.3634049 ], [ 4.5995517, 52.3772195 ], [ 4.6216058, 52.3879818 ], [ 4.6316476, 52.4116655 ], [ 4.6507686, 52.4285697 ], [ 4.6824762, 52.4138487 ] ] ] ] } },
{ "type": "Feature", "properties": { "id": 118, "code": "GM0394", "areaname": "Haarlemmermeer", "area_large": 204362681.97185627, "area_small": 204362681.97185627, "surface_in_emp": 1.0, "in_empire": 1.0, "distance_from_border": 7814.612001976383 }, "geometry": { "type": "MultiPolygon", "coordinates": [ [ [ [ 4.8187526, 52.3255603 ], [ 4.8098837, 52.3057761 ], [ 4.765113, 52.2767821 ], [ 4.7258772, 52.2633388 ], [ 4.7018673, 52.2444679 ], [ 4.6703481, 52.2307558 ], [ 4.6326345, 52.2161843 ], [ 4.6027616, 52.2145583 ], [ 4.5584331, 52.2187985 ], [ 4.553934, 52.2222054 ], [ 4.5622726, 52.2338434 ], [ 4.572749, 52.27124 ], [ 4.5888724, 52.2811079 ], [ 4.611676, 52.3135599 ], [ 4.6113839, 52.3222046 ], [ 4.639648, 52.3389061 ], [ 4.6714826, 52.3501469 ], [ 4.671377, 52.3703804 ], [ 4.6859957, 52.3835177 ], [ 4.6686646, 52.4013994 ], [ 4.6824762, 52.4138487 ], [ 4.7219831, 52.4333362 ], [ 4.7392081, 52.4310638 ], [ 4.7287589, 52.4007113 ], [ 4.757482, 52.3968828 ], [ 4.7556838, 52.35615 ], [ 4.8187526, 52.3255603 ] ] ] ] } },
{ "type": "Feature", "properties": { "id": 119, "code": "GM0396", "areaname": "Heemskerk", "area_large": 28171010.757145405, "area_small": 28164352.755571976, "surface_in_emp": 0.99976365769652975, "in_empire": 1.0, "distance_from_border": 0.0 }, "geometry": { "type": "MultiPolygon", "coordinates": [ [ [ [ 4.6957362, 52.5267281 ], [ 4.6925998, 52.5110025 ], [ 4.7203671, 52.4949539 ], [ 4.7079689, 52.4863324 ], [ 4.6660541, 52.501744 ], [ 4.6043138, 52.4943888 ], [ 4.5865633, 52.4991613 ], [ 4.5983027, 52.5311407 ], [ 4.6599693, 52.5317514 ], [ 4.6957362, 52.5267281 ] ] ] ] } },
{ "type": "Feature", "properties": { "id": 120, "code": "GM0397", "areaname": "Heemstede", "area_large": 10561568.731645584, "area_small": 10561568.731645584, "surface_in_emp": 1.0, "in_empire": 1.0, "distance_from_border": 11733.640300523104 }, "geometry": { "type": "MultiPolygon", "coordinates": [ [ [ [ 4.639648, 52.3389061 ], [ 4.6113839, 52.3222046 ], [ 4.5902633, 52.3285229 ], [ 4.6057237, 52.3634049 ], [ 4.6366263, 52.3614842 ], [ 4.639648, 52.3389061 ] ] ] ] } },
{ "type": "Feature", "properties": { "id": 121, "code": "GM0398", "areaname": "Heerhugowaard", "area_large": 38760367.676408768, "area_small": null, "surface_in_emp": null, "in_empire": null, "distance_from_border": 10864.436070212536 }, "geometry": { "type": "MultiPolygon", "coordinates": [ [ [ [ 4.8734018, 52.6344406 ], [ 4.8385493, 52.6461378 ], [ 4.8302246, 52.6326779 ], [ 4.7863635, 52.6401597 ], [ 4.8005095, 52.6602409 ], [ 4.8092316, 52.6732174 ], [ 4.8269824, 52.6759443 ], [ 4.8206654, 52.7085612 ], [ 4.8272563, 52.7175627 ], [ 4.8476853, 52.7202594 ], [ 4.8986694, 52.7068319 ], [ 4.8998601, 52.6975866 ], [ 4.8762933, 52.6863427 ], [ 4.8631787, 52.6564687 ], [ 4.8734018, 52.6344406 ] ] ] ] } },
{ "type": "Feature", "properties": { "id": 122, "code": "GM0399", "areaname": "Heiloo", "area_large": 19188214.458977699, "area_small": null, "surface_in_emp": null, "in_empire": null, "distance_from_border": 3041.3925671106244 }, "geometry": { "type": "MultiPolygon", "coordinates": [ [ [ [ 4.7521386, 52.5918909 ], [ 4.7399927, 52.5789281 ], [ 4.6965875, 52.5789779 ], [ 4.6725814, 52.5909041 ], [ 4.6899932, 52.623751 ], [ 4.7145865, 52.6247819 ], [ 4.7394511, 52.6138682 ], [ 4.7374619, 52.5938583 ], [ 4.7521386, 52.5918909 ] ] ] ] } },
{ "type": "Feature", "properties": { "id": 123, "code": "GM0400", "areaname": "Den Helder", "area_large": 46072918.64557457, "area_small": null, "surface_in_emp": null, "in_empire": null, "distance_from_border": 36559.492690097039 }, "geometry": { "type": "MultiPolygon", "coordinates": [ [ [ [ 4.806725, 52.9127143 ], [ 4.7949092, 52.9125783 ], [ 4.7709389, 52.8786262 ], [ 4.7089816, 52.883627 ], [ 4.7172386, 52.9474538 ], [ 4.7308391, 52.9625737 ], [ 4.7632102, 52.9653833 ], [ 4.7791958, 52.9545368 ], [ 4.8016975, 52.953094 ], [ 4.7913027, 52.9362304 ], [ 4.806725, 52.9127143 ] ] ] ] } },
{ "type": "Feature", "properties": { "id": 124, "code": "GM0402", "areaname": "Hilversum", "area_large": 43457927.004247904, "area_small": 43457927.004247904, "surface_in_emp": 1.0, "in_empire": 1.0, "distance_from_border": 3480.9417920042333 }, "geometry": { "type": "MultiPolygon", "coordinates": [ [ [ [ 5.2011171, 52.2681399 ], [ 5.203822, 52.2671151 ], [ 5.1888529, 52.2476506 ], [ 5.2189603, 52.2121287 ], [ 5.2155007, 52.2042734 ], [ 5.192586, 52.1778329 ], [ 5.1241106, 52.1808274 ], [ 5.1456116, 52.2005044 ], [ 5.1364995, 52.259583 ], [ 5.1020658, 52.2798908 ], [ 5.104646, 52.2853847 ], [ 5.1412968, 52.277446 ], [ 5.1376093, 52.2596039 ], [ 5.1621288, 52.2557958 ], [ 5.2011171, 52.2681399 ] ] ] ] } },
{ "type": "Feature", "properties": { "id": 125, "code": "GM0405", "areaname": "Hoorn", "area_large": 20384577.709944248, "area_small": null, "surface_in_emp": null, "in_empire": null, "distance_from_border": 16876.9946940849 }, "geometry": { "type": "MultiPolygon", "coordinates": [ [ [ [ 5.0917523, 52.6789237 ], [ 5.1170784, 52.6499858 ], [ 5.1007544, 52.6347371 ], [ 5.0680748, 52.6348379 ], [ 5.0456621, 52.6416369 ], [ 5.0189038, 52.6299189 ], [ 5.0371394, 52.6476578 ], [ 5.0347627, 52.6665564 ], [ 5.0917523, 52.6789237 ] ] ] ] } },
{ "type": "Feature", "properties": { "id": 126, "code": "GM0406", "areaname": "Huizen", "area_large": 15499939.432174563, "area_small": 11956436.989820182, "surface_in_emp": 0.77138604587068083, "in_empire": 1.0, "distance_from_border": 0.0 }, "geometry": { "type": "MultiPolygon", "coordinates": [ [ [ [ 5.2878099, 52.2976031 ], [ 5.203822, 52.2671151 ], [ 5.2011171, 52.2681399 ], [ 5.1977981, 52.3003345 ], [ 5.2295607, 52.3017239 ], [ 5.2284885, 52.311254 ], [ 5.2527221, 52.3101366 ], [ 5.2878099, 52.2976031 ] ] ] ] } },
{ "type": "Feature", "properties": { "id": 127, "code": "GM0415", "areaname": "Landsmeer", "area_large": 26506544.448052645, "area_small": 18443468.902244568, "surface_in_emp": 0.69580812159012129, "in_empire": 1.0, "distance_from_border": 0.0 }, "geometry": { "type": "MultiPolygon", "coordinates": [ [ [ [ 4.9483163, 52.4840048 ], [ 4.9508613, 52.4371407 ], [ 4.9477886, 52.4215622 ], [ 4.9307159, 52.4116076 ], [ 4.898741, 52.4244898 ], [ 4.893319, 52.4572761 ], [ 4.9064696, 52.4798265 ], [ 4.9206509, 52.4904345 ], [ 4.9483163, 52.4840048 ] ] ] ] } },
{ "type": "Feature", "properties": { "id": 128, "code": "GM0416", "areaname": "Langedijk", "area_large": 26651300.794833183, "area_small": null, "surface_in_emp": null, "in_empire": null, "distance_from_border": 11388.396623739956 }, "geometry": { "type": "MultiPolygon", "coordinates": [ [ [ [ 4.8272563, 52.7175627 ], [ 4.8206654, 52.7085612 ], [ 4.8269824, 52.6759443 ], [ 4.8092316, 52.6732174 ], [ 4.8005095, 52.6602409 ], [ 4.7736694, 52.6483544 ], [ 4.7790258, 52.676484 ], [ 4.7417416, 52.6808069 ], [ 4.7288538, 52.6914038 ], [ 4.7706872, 52.7014868 ], [ 4.7788123, 52.7313469 ], [ 4.8050258, 52.7142088 ], [ 4.8272563, 52.7175627 ] ] ] ] } },
{ "type": "Feature", "properties": { "id": 129, "code": "GM0417", "areaname": "Laren", "area_large": 12841010.427589893, "area_small": 12841010.427589893, "surface_in_emp": 1.0, "in_empire": 1.0, "distance_from_border": 4576.6765207681565 }, "geometry": { "type": "MultiPolygon", "coordinates": [ [ [ [ 5.2440811, 52.2546628 ], [ 5.2247302, 52.2251971 ], [ 5.2189603, 52.2121287 ], [ 5.1888529, 52.2476506 ], [ 5.203822, 52.2671151 ], [ 5.2259806, 52.2681977 ], [ 5.2440811, 52.2546628 ] ] ] ] } },
{ "type": "Feature", "properties": { "id": 130, "code": "GM0420", "areaname": "Medemblik", "area_large": 128910056.25991562, "area_small": null, "surface_in_emp": null, "in_empire": null, "distance_from_border": 20527.10643704309 }, "geometry": { "type": "MultiPolygon", "coordinates": [ [ [ [ 5.2719657, 52.746327 ], [ 5.2550665, 52.7421594 ], [ 5.2575014, 52.7161808 ], [ 5.2201336, 52.7176964 ], [ 5.1870231, 52.7074518 ], [ 5.1251796, 52.6910758 ], [ 5.0917523, 52.6789237 ], [ 5.0347627, 52.6665564 ], [ 5.0213144, 52.6644092 ], [ 4.9792047, 52.6796792 ], [ 4.9882713, 52.7133823 ], [ 5.0111636, 52.7229074 ], [ 4.9963865, 52.7386196 ], [ 4.9968605, 52.7520653 ], [ 5.0449987, 52.753133 ], [ 5.069723, 52.7681032 ], [ 5.1041483, 52.7744523 ], [ 5.1455568, 52.7418958 ], [ 5.1802829, 52.7413785 ], [ 5.1928606, 52.7550302 ], [ 5.2582684, 52.7534635 ], [ 5.2719657, 52.746327 ] ] ] ] } },
{ "type": "Feature", "properties": { "id": 131, "code": "GM0431", "areaname": "Oostzaan", "area_large": 16388139.402596474, "area_small": 14940891.561964035, "surface_in_emp": 0.91168931352859117, "in_empire": 1.0, "distance_from_border": 0.0 }, "geometry": { "type": "MultiPolygon", "coordinates": [ [ [ [ 4.898741, 52.4244898 ], [ 4.8626775, 52.4299413 ], [ 4.8429509, 52.4522608 ], [ 4.8525049, 52.4703671 ], [ 4.9064696, 52.4798265 ], [ 4.893319, 52.4572761 ], [ 4.898741, 52.4244898 ] ] ] ] } },
{ "type": "Feature", "properties": { "id": 132, "code": "GM0432", "areaname": "Opmeer", "area_large": 43428802.591548175, "area_small": null, "surface_in_emp": null, "in_empire": null, "distance_from_border": 19135.272221246269 }, "geometry": { "type": "MultiPolygon", "coordinates": [ [ [ [ 4.9792047, 52.6796792 ], [ 4.949412, 52.6744829 ], [ 4.9049794, 52.6872685 ], [ 4.8998601, 52.6975866 ], [ 4.8986694, 52.7068319 ], [ 4.9443861, 52.753659 ], [ 4.9968605, 52.7520653 ], [ 4.9963865, 52.7386196 ], [ 5.0111636, 52.7229074 ], [ 4.9882713, 52.7133823 ], [ 4.9792047, 52.6796792 ] ] ] ] } },
{ "type": "Feature", "properties": { "id": 133, "code": "GM0437", "areaname": "Ouder-Amstel", "area_large": 25743398.355700493, "area_small": 25743398.355700493, "surface_in_emp": 1.0, "in_empire": 1.0, "distance_from_border": 3774.0538163212468 }, "geometry": { "type": "MultiPolygon", "coordinates": [ [ [ [ 4.9447162, 52.3271297 ], [ 4.9294257, 52.3086274 ], [ 4.9552405, 52.2783049 ], [ 4.9337551, 52.2808958 ], [ 4.9109702, 52.2526822 ], [ 4.8701213, 52.2532822 ], [ 4.8787835, 52.2789025 ], [ 4.9078119, 52.3070029 ], [ 4.9091353, 52.3182532 ], [ 4.9129317, 52.3305104 ], [ 4.9498602, 52.3385282 ], [ 4.9447162, 52.3271297 ] ] ] ] } },
{ "type": "Feature", "properties": { "id": 134, "code": "GM0439", "areaname": "Purmerend", "area_large": 22905993.550348282, "area_small": null, "surface_in_emp": null, "in_empire": null, "distance_from_border": 0.0 }, "geometry": { "type": "MultiPolygon", "coordinates": [ [ [ [ 4.9979644, 52.4947328 ], [ 4.9740101, 52.4704044 ], [ 4.9483163, 52.4840048 ], [ 4.9206509, 52.4904345 ], [ 4.9343521, 52.5116406 ], [ 4.9541006, 52.5163523 ], [ 4.9569987, 52.5291104 ], [ 4.992019, 52.5198319 ], [ 5.0247001, 52.5224027 ], [ 4.9979644, 52.4947328 ] ] ] ] } },
{ "type": "Feature", "properties": { "id": 135, "code": "GM0441", "areaname": "Schagen", "area_large": 171603943.30740404, "area_small": null, "surface_in_emp": null, "in_empire": null, "distance_from_border": 15569.632521556929 }, "geometry": { "type": "MultiPolygon", "coordinates": [ [ [ [ 4.8476853, 52.7202594 ], [ 4.8272563, 52.7175627 ], [ 4.8050258, 52.7142088 ], [ 4.7788123, 52.7313469 ], [ 4.7706872, 52.7014868 ], [ 4.7288538, 52.6914038 ], [ 4.7158071, 52.7100473 ], [ 4.6903521, 52.7326224 ], [ 4.6455986, 52.7566627 ], [ 4.6759289, 52.8010869 ], [ 4.7089816, 52.883627 ], [ 4.7709389, 52.8786262 ], [ 4.7588553, 52.8486893 ], [ 4.7825626, 52.8514355 ], [ 4.8098731, 52.8362612 ], [ 4.8345734, 52.8077785 ], [ 4.8289964, 52.7753524 ], [ 4.8068425, 52.770317 ], [ 4.8495124, 52.7257512 ], [ 4.8476853, 52.7202594 ] ] ] ] } },
{ "type": "Feature", "properties": { "id": 136, "code": "GM0448", "areaname": "Texel", "area_large": 159803893.72909626, "area_small": null, "surface_in_emp": null, "in_empire": null, "distance_from_border": 48177.194179472477 }, "geometry": { "type": "MultiPolygon", "coordinates": [ [ [ [ 4.8787237, 53.1569683 ], [ 4.9077551, 53.1353737 ], [ 4.9002437, 53.1250143 ], [ 4.8971572, 53.0785659 ], [ 4.8731971, 53.0648642 ], [ 4.8731465, 53.055362 ], [ 4.8471678, 53.0340011 ], [ 4.819489, 53.0290157 ], [ 4.7736602, 52.9963272 ], [ 4.7201621, 52.9845514 ], [ 4.7086281, 53.022383 ], [ 4.7235321, 53.0676281 ], [ 4.7581408, 53.1058908 ], [ 4.8408612, 53.1833192 ], [ 4.8611228, 53.1830209 ], [ 4.8787237, 53.1569683 ] ] ] ] } },
{ "type": "Feature", "properties": { "id": 137, "code": "GM0450", "areaname": "Uitgeest", "area_large": 21891309.961116642, "area_small": 6017494.0984368771, "surface_in_emp": 0.27488049409218335, "in_empire": 1.0, "distance_from_border": 0.0 }, "geometry": { "type": "MultiPolygon", "coordinates": [ [ [ [ 4.7777334, 52.5337449 ], [ 4.7824765, 52.519581 ], [ 4.7524281, 52.5212327 ], [ 4.7527678, 52.5105919 ], [ 4.7203671, 52.4949539 ], [ 4.6925998, 52.5110025 ], [ 4.6957362, 52.5267281 ], [ 4.6945345, 52.5441883 ], [ 4.7187862, 52.5516229 ], [ 4.7552756, 52.5357356 ], [ 4.7777334, 52.5337449 ] ] ] ] } },
{ "type": "Feature", "properties": { "id": 138, "code": "GM0451", "areaname": "Uithoorn", "area_large": 18885249.53086853, "area_small": 18885249.53086853, "surface_in_emp": 1.0, "in_empire": 1.0, "distance_from_border": 15746.218631568703 }, "geometry": { "type": "MultiPolygon", "coordinates": [ [ [ [ 4.8520533, 52.2420135 ], [ 4.8286136, 52.2305931 ], [ 4.7945757, 52.2267307 ], [ 4.728766, 52.2098188 ], [ 4.7237644, 52.2165737 ], [ 4.7732715, 52.241034 ], [ 4.7708667, 52.2499089 ], [ 4.7946973, 52.2606818 ], [ 4.8520533, 52.2420135 ] ] ] ] } },
{ "type": "Feature", "properties": { "id": 139, "code": "GM0453", "areaname": "Velsen", "area_large": 53506791.269325256, "area_small": 49768377.083692551, "surface_in_emp": 0.93013196835490508, "in_empire": 1.0, "distance_from_border": 0.0 }, "geometry": { "type": "MultiPolygon", "coordinates": [ [ [ [ 4.674848, 52.4555204 ], [ 4.7219831, 52.4333362 ], [ 4.6824762, 52.4138487 ], [ 4.6507686, 52.4285697 ], [ 4.6316476, 52.4116655 ], [ 4.6235763, 52.4220751 ], [ 4.5878229, 52.4344364 ], [ 4.5604427, 52.4380058 ], [ 4.5516948, 52.4607043 ], [ 4.5671844, 52.4676805 ], [ 4.5805121, 52.4895086 ], [ 4.6533332, 52.4771547 ], [ 4.674848, 52.4555204 ] ] ] ] } },
{ "type": "Feature", "properties": { "id": 140, "code": "GM0457", "areaname": "Weesp", "area_large": 24476872.976457179, "area_small": 24476872.976457179, "surface_in_emp": 1.0, "in_empire": 1.0, "distance_from_border": 987.89125784147234 }, "geometry": { "type": "MultiPolygon", "coordinates": [ [ [ [ 5.104646, 52.2853847 ], [ 5.1020658, 52.2798908 ], [ 5.0644124, 52.2807376 ], [ 5.0218672, 52.2826533 ], [ 5.0215432, 52.3024569 ], [ 5.0179328, 52.3231923 ], [ 5.0396981, 52.3290465 ], [ 5.0916531, 52.3146439 ], [ 5.104646, 52.2853847 ] ] ] ] } },
{ "type": "Feature", "properties": { "id": 141, "code": "GM0473", "areaname": "Zandvoort", "area_large": 33726113.27507782, "area_small": 28819390.878907681, "surface_in_emp": 0.85451266334339215, "in_empire": 1.0, "distance_from_border": 7269.9885012142577 }, "geometry": { "type": "MultiPolygon", "coordinates": [ [ [ [ 4.5473223, 52.3139966 ], [ 4.4939711, 52.3281981 ], [ 4.5415648, 52.4013364 ], [ 4.591659, 52.3917157 ], [ 4.5473223, 52.3139966 ] ] ] ] } },
{ "type": "Feature", "properties": { "id": 142, "code": "GM0479", "areaname": "Zaanstad", "area_large": 84475038.501664907, "area_small": 77649427.420769081, "surface_in_emp": 0.9191996688967321, "in_empire": 1.0, "distance_from_border": 0.0 }, "geometry": { "type": "MultiPolygon", "coordinates": [ [ [ [ 4.7824765, 52.519581 ], [ 4.7898609, 52.5192359 ], [ 4.7988429, 52.4911053 ], [ 4.8369247, 52.479876 ], [ 4.8525049, 52.4703671 ], [ 4.8429509, 52.4522608 ], [ 4.8626775, 52.4299413 ], [ 4.856078, 52.4166622 ], [ 4.7392081, 52.4310638 ], [ 4.7219831, 52.4333362 ], [ 4.674848, 52.4555204 ], [ 4.6978186, 52.4710338 ], [ 4.7079689, 52.4863324 ], [ 4.7203671, 52.4949539 ], [ 4.7527678, 52.5105919 ], [ 4.7524281, 52.5212327 ], [ 4.7824765, 52.519581 ] ] ] ] } },
{ "type": "Feature", "properties": { "id": 143, "code": "GM0482", "areaname": "Alblasserdam", "area_large": 10464026.678838491, "area_small": 10464026.678838491, "surface_in_emp": 1.0, "in_empire": 1.0, "distance_from_border": 55679.22969253458 }, "geometry": { "type": "MultiPolygon", "coordinates": [ [ [ [ 4.6831907, 51.8484915 ], [ 4.6726062, 51.8386503 ], [ 4.635261, 51.8697112 ], [ 4.6263911, 51.8806578 ], [ 4.6644388, 51.8749484 ], [ 4.7002397, 51.8797099 ], [ 4.6812631, 51.8589214 ], [ 4.6831907, 51.8484915 ] ] ] ] } },
{ "type": "Feature", "properties": { "id": 144, "code": "GM0484", "areaname": "Alphen aan den Rijn", "area_large": 133741140.66446114, "area_small": 133741140.66446114, "surface_in_emp": 1.0, "in_empire": 1.0, "distance_from_border": 27341.295256974332 }, "geometry": { "type": "MultiPolygon", "coordinates": [ [ [ [ 4.7388567, 52.1065074 ], [ 4.7087581, 52.0936439 ], [ 4.7155059, 52.0811884 ], [ 4.677247, 52.0655205 ], [ 4.6599677, 52.0641043 ], [ 4.6368812, 52.0735316 ], [ 4.6070237, 52.0770458 ], [ 4.6074271, 52.0655265 ], [ 4.565043, 52.0585694 ], [ 4.5571802, 52.0612394 ], [ 4.5305552, 52.0805107 ], [ 4.5371347, 52.083946 ], [ 4.5353228, 52.1204325 ], [ 4.550733, 52.1383803 ], [ 4.5714809, 52.153109 ], [ 4.6812094, 52.1675042 ], [ 4.7056727, 52.1521566 ], [ 4.7418388, 52.1626732 ], [ 4.7590333, 52.1351012 ], [ 4.7388567, 52.1065074 ] ] ] ] } },
{ "type": "Feature", "properties": { "id": 145, "code": "GM0489", "areaname": "Barendrecht", "area_large": 22694422.457354546, "area_small": 22694422.457354546, "surface_in_emp": 1.0, "in_empire": 1.0, "distance_from_border": 61118.576160341414 }, "geometry": { "type": "MultiPolygon", "coordinates": [ [ [ [ 4.5710584, 51.8471168 ], [ 4.5536087, 51.8298969 ], [ 4.4890943, 51.8353956 ], [ 4.4804026, 51.8623276 ], [ 4.4944054, 51.8689689 ], [ 4.5493831, 51.8740272 ], [ 4.5710584, 51.8471168 ] ] ] ] } },
{ "type": "Feature", "properties": { "id": 146, "code": "GM0498", "areaname": "Drechterland", "area_large": 60313502.83506155, "area_small": null, "surface_in_emp": null, "in_empire": null, "distance_from_border": 19415.848319008725 }, "geometry": { "type": "MultiPolygon", "coordinates": [ [ [ [ 5.24648, 52.685512 ], [ 5.2357822, 52.6570691 ], [ 5.1985254, 52.6363126 ], [ 5.174561, 52.6330198 ], [ 5.159314, 52.623182 ], [ 5.1278903, 52.6198797 ], [ 5.1210271, 52.6326179 ], [ 5.1007544, 52.6347371 ], [ 5.1170784, 52.6499858 ], [ 5.0917523, 52.6789237 ], [ 5.1251796, 52.6910758 ], [ 5.1870231, 52.7074518 ], [ 5.2087904, 52.6838092 ], [ 5.24648, 52.685512 ] ] ] ] } },
{ "type": "Feature", "properties": { "id": 147, "code": "GM0501", "areaname": "Brielle", "area_large": 31504643.562249482, "area_small": 28146231.659293711, "surface_in_emp": 0.89339946359590006, "in_empire": 1.0, "distance_from_border": 65882.518522253813 }, "geometry": { "type": "MultiPolygon", "coordinates": [ [ [ [ 4.2393832, 51.8729859 ], [ 4.1852725, 51.8497076 ], [ 4.1858019, 51.8626082 ], [ 4.1600851, 51.8671876 ], [ 4.1552789, 51.8816034 ], [ 4.1353691, 51.9064598 ], [ 4.1533782, 51.9221686 ], [ 4.1448897, 51.9314095 ], [ 4.1626685, 51.9266519 ], [ 4.2200671, 51.896067 ], [ 4.2393832, 51.8729859 ] ] ] ] } },
{ "type": "Feature", "properties": { "id": 147, "code": "GM0501", "areaname": "Brielle", "area_large": 31504643.562249482, "area_small": 4066195.3393871784, "surface_in_emp": 0.12906654002775347, "in_empire": 0.0, "distance_from_border": 65882.518522253813 }, "geometry": { "type": "MultiPolygon", "coordinates": [ [ [ [ 4.2393832, 51.8729859 ], [ 4.1852725, 51.8497076 ], [ 4.1858019, 51.8626082 ], [ 4.1600851, 51.8671876 ], [ 4.1552789, 51.8816034 ], [ 4.1353691, 51.9064598 ], [ 4.1533782, 51.9221686 ], [ 4.1448897, 51.9314095 ], [ 4.1626685, 51.9266519 ], [ 4.2200671, 51.896067 ], [ 4.2393832, 51.8729859 ] ] ] ] } },
{ "type": "Feature", "properties": { "id": 148, "code": "GM0502", "areaname": "Capelle aan den IJssel", "area_large": 14214825.547702909, "area_small": 14214825.547702909, "surface_in_emp": 1.0, "in_empire": 1.0, "distance_from_border": 51311.088203135216 }, "geometry": { "type": "MultiPolygon", "coordinates": [ [ [ [ 4.6194886, 51.9334923 ], [ 4.6177039, 51.9310501 ], [ 4.5499013, 51.9067285 ], [ 4.5662388, 51.9259088 ], [ 4.5615875, 51.9566539 ], [ 4.5839924, 51.965369 ], [ 4.6194886, 51.9334923 ] ] ] ] } },
{ "type": "Feature", "properties": { "id": 149, "code": "GM0503", "areaname": "Delft", "area_large": 24312549.816217422, "area_small": 24312549.816217422, "surface_in_emp": 1.0, "in_empire": 1.0, "distance_from_border": 50381.606124504331 }, "geometry": { "type": "MultiPolygon", "coordinates": [ [ [ [ 4.3797353, 52.0267327 ], [ 4.3859157, 52.0048353 ], [ 4.4079109, 51.9681986 ], [ 4.4029334, 51.9663163 ], [ 4.3382273, 51.9741777 ], [ 4.3241119, 51.9898586 ], [ 4.3411425, 52.0027104 ], [ 4.3259562, 52.0127933 ], [ 4.3577903, 52.0268632 ], [ 4.3797353, 52.0267327 ] ] ] ] } },
{ "type": "Feature", "properties": { "id": 150, "code": "GM0505", "areaname": "Dordrecht", "area_large": 97863493.720188946, "area_small": 97863493.720188946, "surface_in_emp": 1.0, "in_empire": 1.0, "distance_from_border": 57667.249586029749 }, "geometry": { "type": "MultiPolygon", "coordinates": [ [ [ [ 4.7296387, 51.8221687 ], [ 4.7661803, 51.8160655 ], [ 4.8114158, 51.8186582 ], [ 4.8846425, 51.8164714 ], [ 4.8459843, 51.798757 ], [ 4.7971941, 51.79977 ], [ 4.7552397, 51.7816114 ], [ 4.7366308, 51.7555684 ], [ 4.6763042, 51.7249237 ], [ 4.6451366, 51.7190673 ], [ 4.6438523, 51.718827 ], [ 4.6368542, 51.7174353 ], [ 4.6364305, 51.7173505 ], [ 4.623597, 51.7213959 ], [ 4.6311261, 51.741746 ], [ 4.6268404, 51.7847513 ], [ 4.6212216, 51.8008037 ], [ 4.6717087, 51.820854 ], [ 4.7296387, 51.8221687 ] ] ] ] } },
{ "type": "Feature", "properties": { "id": 151, "code": "GM0512", "areaname": "Gorinchem", "area_large": 23699913.345991135, "area_small": 23699913.345991135, "surface_in_emp": 1.0, "in_empire": 1.0, "distance_from_border": 51180.878075591514 }, "geometry": { "type": "MultiPolygon", "coordinates": [ [ [ [ 4.9986846, 51.8522772 ], [ 5.031415, 51.8410848 ], [ 5.0263518, 51.8188567 ], [ 5.0003639, 51.8209334 ], [ 4.9269866, 51.828306 ], [ 4.9248638, 51.8397184 ], [ 4.9427144, 51.8447841 ], [ 4.9383987, 51.8636294 ], [ 4.9593096, 51.8628849 ], [ 4.9986846, 51.8522772 ] ] ] ] } },
{ "type": "Feature", "properties": { "id": 152, "code": "GM0513", "areaname": "Gouda", "area_large": 13931768.715314865, "area_small": 13931768.715314865, "surface_in_emp": 1.0, "in_empire": 1.0, "distance_from_border": 39749.077244280154 }, "geometry": { "type": "MultiPolygon", "coordinates": [ [ [ [ 4.7509913, 52.0138988 ], [ 4.6886845, 51.996258 ], [ 4.6666066, 52.0129706 ], [ 4.6805414, 52.0279813 ], [ 4.7060393, 52.0401197 ], [ 4.7198523, 52.0264842 ], [ 4.7509913, 52.0138988 ] ] ] ] } },
{ "type": "Feature", "properties": { "id": 153, "code": "GM0518", "areaname": "'s-Gravenhage", "area_large": 85617247.892735839, "area_small": 79366092.859618545, "surface_in_emp": 0.92698719957748521, "in_empire": 1.0, "distance_from_border": 41473.904177642078 }, "geometry": { "type": "MultiPolygon", "coordinates": [ [ [ [ 4.3727093, 52.0947726 ], [ 4.3352132, 52.0750004 ], [ 4.3555187, 52.0680398 ], [ 4.4039238, 52.077845 ], [ 4.4208325, 52.06258 ], [ 4.4220724, 52.0516731 ], [ 4.394445, 52.0540539 ], [ 4.3726579, 52.0409279 ], [ 4.3797353, 52.0267327 ], [ 4.3577903, 52.0268632 ], [ 4.3400472, 52.0618059 ], [ 4.2909517, 52.041573 ], [ 4.3076386, 52.0181514 ], [ 4.2867734, 52.0229674 ], [ 4.2726627, 52.0359171 ], [ 4.2482171, 52.0252258 ], [ 4.235054, 52.0392563 ], [ 4.2124343, 52.0340331 ], [ 4.1998019, 52.0507313 ], [ 4.1961999, 52.0557426 ], [ 4.2588082, 52.1014562 ], [ 4.3029046, 52.1283241 ], [ 4.3437435, 52.0981085 ], [ 4.3727093, 52.0947726 ] ] ] ] } },
{ "type": "Feature", "properties": { "id": 154, "code": "GM0523", "areaname": "Hardinxveld-Giessendam", "area_large": 19725247.164067745, "area_small": 19725247.164067745, "surface_in_emp": 1.0, "in_empire": 1.0, "distance_from_border": 54287.686839111389 }, "geometry": { "type": "MultiPolygon", "coordinates": [ [ [ [ 4.9248638, 51.8397184 ], [ 4.9269866, 51.828306 ], [ 4.8846425, 51.8164714 ], [ 4.8114158, 51.8186582 ], [ 4.8033785, 51.8463534 ], [ 4.8380821, 51.8607347 ], [ 4.8479495, 51.8326173 ], [ 4.8827738, 51.833094 ], [ 4.9248638, 51.8397184 ] ] ] ] } },
{ "type": "Feature", "properties": { "id": 155, "code": "GM0530", "areaname": "Hellevoetsluis", "area_large": 41189172.427100286, "area_small": 27359971.576405227, "surface_in_emp": 0.66425154874934611, "in_empire": 1.0, "distance_from_border": 70677.18110723501 }, "geometry": { "type": "MultiPolygon", "coordinates": [ [ [ [ 4.1552789, 51.8816034 ], [ 4.1600851, 51.8671876 ], [ 4.1858019, 51.8626082 ], [ 4.1852725, 51.8497076 ], [ 4.1971423, 51.8349077 ], [ 4.2202547, 51.8282129 ], [ 4.2123516, 51.8140254 ], [ 4.1942426, 51.8043048 ], [ 4.181948, 51.8049428 ], [ 4.1562813, 51.822507 ], [ 4.0943546, 51.8288562 ], [ 4.0738931, 51.8425626 ], [ 4.0487912, 51.8318801 ], [ 4.0485964, 51.8320553 ], [ 4.0675242, 51.8454312 ], [ 4.1172445, 51.8579584 ], [ 4.1307729, 51.8762978 ], [ 4.1552789, 51.8816034 ] ] ] ] } },
{ "type": "Feature", "properties": { "id": 156, "code": "GM0531", "areaname": "Hendrik-Ido-Ambacht", "area_large": 12538804.074657679, "area_small": 12538804.074657679, "surface_in_emp": 1.0, "in_empire": 1.0, "distance_from_border": 58604.048653921891 }, "geometry": { "type": "MultiPolygon", "coordinates": [ [ [ [ 4.6726062, 51.8386503 ], [ 4.6704388, 51.8235891 ], [ 4.6372671, 51.8253943 ], [ 4.6001549, 51.8387301 ], [ 4.6049128, 51.8483845 ], [ 4.647294, 51.8572162 ], [ 4.635261, 51.8697112 ], [ 4.6726062, 51.8386503 ] ] ] ] } },
{ "type": "Feature", "properties": { "id": 157, "code": "GM0532", "areaname": "Stede Broec", "area_large": 14302825.47593081, "area_small": null, "surface_in_emp": null, "in_empire": null, "distance_from_border": 28391.012423791915 }, "geometry": { "type": "MultiPolygon", "coordinates": [ [ [ [ 5.24648, 52.685512 ], [ 5.2087904, 52.6838092 ], [ 5.1870231, 52.7074518 ], [ 5.2201336, 52.7176964 ], [ 5.2575014, 52.7161808 ], [ 5.2592484, 52.6869056 ], [ 5.24648, 52.685512 ] ] ] ] } },
{ "type": "Feature", "properties": { "id": 158, "code": "GM0534", "areaname": "Hillegom", "area_large": 13262483.783417225, "area_small": 13262483.783417225, "surface_in_emp": 1.0, "in_empire": 1.0, "distance_from_border": 16581.69936102573 }, "geometry": { "type": "MultiPolygon", "coordinates": [ [ [ [ 4.611676, 52.3135599 ], [ 4.5888724, 52.2811079 ], [ 4.572749, 52.27124 ], [ 4.5425503, 52.2866442 ], [ 4.5637074, 52.309298 ], [ 4.5690755, 52.316483 ], [ 4.611676, 52.3135599 ] ] ] ] } },
{ "type": "Feature", "properties": { "id": 159, "code": "GM0537", "areaname": "Katwijk", "area_large": 27332048.030204952, "area_small": 27331873.614307255, "surface_in_emp": 0.99999361863049907, "in_empire": 1.0, "distance_from_border": 28554.305365558746 }, "geometry": { "type": "MultiPolygon", "coordinates": [ [ [ [ 4.4640821, 52.2159643 ], [ 4.4634715, 52.2002016 ], [ 4.4480931, 52.1771805 ], [ 4.4483683, 52.162052 ], [ 4.4404782, 52.155653 ], [ 4.4115951, 52.1634792 ], [ 4.3744335, 52.1868738 ], [ 4.4054641, 52.2197199 ], [ 4.4195914, 52.2143123 ], [ 4.4640821, 52.2159643 ] ] ] ] } },
{ "type": "Feature", "properties": { "id": 160, "code": "GM0542", "areaname": "Krimpen aan den IJssel", "area_large": 9063444.6909637451, "area_small": 9063444.6909637451, "surface_in_emp": 1.0, "in_empire": 1.0, "distance_from_border": 53246.735749774853 }, "geometry": { "type": "MultiPolygon", "coordinates": [ [ [ [ 4.5763285, 51.9030317 ], [ 4.5499013, 51.9067285 ], [ 4.6177039, 51.9310501 ], [ 4.6430189, 51.9125694 ], [ 4.5763285, 51.9030317 ] ] ] ] } },
{ "type": "Feature", "properties": { "id": 161, "code": "GM0546", "areaname": "Leiden", "area_large": 23950378.003679037, "area_small": 23950378.003679037, "surface_in_emp": 1.0, "in_empire": 1.0, "distance_from_border": 31627.320642320894 }, "geometry": { "type": "MultiPolygon", "coordinates": [ [ [ [ 4.5240377, 52.1473979 ], [ 4.4729754, 52.1189516 ], [ 4.4644923, 52.1273112 ], [ 4.4654055, 52.1494429 ], [ 4.4429885, 52.1453458 ], [ 4.4404782, 52.155653 ], [ 4.4483683, 52.162052 ], [ 4.4541705, 52.1711405 ], [ 4.4975622, 52.1839827 ], [ 4.5183687, 52.1821163 ], [ 4.5148312, 52.1608022 ], [ 4.5240377, 52.1473979 ] ] ] ] } },
{ "type": "Feature", "properties": { "id": 162, "code": "GM0547", "areaname": "Leiderdorp", "area_large": 10499765.720163822, "area_small": 10499765.720163822, "surface_in_emp": 1.0, "in_empire": 1.0, "distance_from_border": 31667.752852338268 }, "geometry": { "type": "MultiPolygon", "coordinates": [ [ [ [ 4.5183687, 52.1821163 ], [ 4.5381537, 52.1800847 ], [ 4.5511215, 52.1632374 ], [ 4.5714809, 52.153109 ], [ 4.550733, 52.1383803 ], [ 4.5240377, 52.1473979 ], [ 4.5148312, 52.1608022 ], [ 4.5183687, 52.1821163 ] ] ] ] } },
{ "type": "Feature", "properties": { "id": 163, "code": "GM0553", "areaname": "Lisse", "area_large": 17419735.015218735, "area_small": 17419735.015218735, "surface_in_emp": 1.0, "in_empire": 1.0, "distance_from_border": 19940.355244447775 }, "geometry": { "type": "MultiPolygon", "coordinates": [ [ [ [ 4.572749, 52.27124 ], [ 4.5622726, 52.2338434 ], [ 4.553934, 52.2222054 ], [ 4.5250649, 52.2359226 ], [ 4.513495, 52.2549915 ], [ 4.5425503, 52.2866442 ], [ 4.572749, 52.27124 ] ] ] ] } },
{ "type": "Feature", "properties": { "id": 164, "code": "GM0556", "areaname": "Maassluis", "area_large": 10218518.583251476, "area_small": 10218518.583251476, "surface_in_emp": 1.0, "in_empire": 1.0, "distance_from_border": 62171.472530022911 }, "geometry": { "type": "MultiPolygon", "coordinates": [ [ [ [ 4.2403172, 51.9428721 ], [ 4.259402, 51.928004 ], [ 4.292611, 51.9212363 ], [ 4.2675712, 51.905335 ], [ 4.2364648, 51.9173033 ], [ 4.2127177, 51.9337275 ], [ 4.2195288, 51.9413997 ], [ 4.2403172, 51.9428721 ] ] ] ] } },
{ "type": "Feature", "properties": { "id": 165, "code": "GM0569", "areaname": "Nieuwkoop", "area_large": 90232173.676575899, "area_small": 90232173.676575899, "surface_in_emp": 1.0, "in_empire": 1.0, "distance_from_border": 19763.217044557623 }, "geometry": { "type": "MultiPolygon", "coordinates": [ [ [ [ 4.8921783, 52.1617979 ], [ 4.8736235, 52.1560825 ], [ 4.8745185, 52.1388314 ], [ 4.8330531, 52.1447061 ], [ 4.8131111, 52.1401732 ], [ 4.7920802, 52.1222874 ], [ 4.7388567, 52.1065074 ], [ 4.7590333, 52.1351012 ], [ 4.7418388, 52.1626732 ], [ 4.7056727, 52.1521566 ], [ 4.6812094, 52.1675042 ], [ 4.6889281, 52.191878 ], [ 4.7075782, 52.2049016 ], [ 4.728766, 52.2098188 ], [ 4.7945757, 52.2267307 ], [ 4.8135943, 52.2018471 ], [ 4.8440615, 52.1800657 ], [ 4.8921783, 52.1617979 ] ] ] ] } },
{ "type": "Feature", "properties": { "id": 166, "code": "GM0575", "areaname": "Noordwijk", "area_large": 58417889.493394852, "area_small": 58125375.097618103, "surface_in_emp": 0.99499272571615549, "in_empire": 1.0, "distance_from_border": 15962.280665962968 }, "geometry": { "type": "MultiPolygon", "coordinates": [ [ [ [ 4.5637074, 52.309298 ], [ 4.5425503, 52.2866442 ], [ 4.513495, 52.2549915 ], [ 4.466066, 52.2250027 ], [ 4.4640821, 52.2159643 ], [ 4.4195914, 52.2143123 ], [ 4.4054641, 52.2197199 ], [ 4.4472618, 52.2672449 ], [ 4.4939711, 52.3281981 ], [ 4.5473223, 52.3139966 ], [ 4.5637074, 52.309298 ] ] ] ] } },
{ "type": "Feature", "properties": { "id": 167, "code": "GM0579", "areaname": "Oegstgeest", "area_large": 7751277.7113779187, "area_small": 7751277.7113779187, "surface_in_emp": 1.0, "in_empire": 1.0, "distance_from_border": 29522.844860310805 }, "geometry": { "type": "MultiPolygon", "coordinates": [ [ [ [ 4.4975622, 52.1839827 ], [ 4.4541705, 52.1711405 ], [ 4.4483683, 52.162052 ], [ 4.4480931, 52.1771805 ], [ 4.4634715, 52.2002016 ], [ 4.4914472, 52.2036872 ], [ 4.4975622, 52.1839827 ] ] ] ] } },
{ "type": "Feature", "properties": { "id": 168, "code": "GM0589", "areaname": "Oudewater", "area_large": 38306828.395902157, "area_small": 38306828.395902157, "surface_in_emp": 1.0, "in_empire": 1.0, "distance_from_border": 32406.02132945606 }, "geometry": { "type": "MultiPolygon", "coordinates": [ [ [ [ 4.868225, 52.0634463 ], [ 4.926681, 52.0299869 ], [ 4.9049746, 52.0264775 ], [ 4.9200448, 52.010014 ], [ 4.9097347, 52.0110414 ], [ 4.8352178, 51.986143 ], [ 4.8178059, 51.9997669 ], [ 4.8571266, 52.0059595 ], [ 4.8468958, 52.0181817 ], [ 4.8034102, 52.0141445 ], [ 4.7987002, 52.0222717 ], [ 4.8294903, 52.0498134 ], [ 4.868225, 52.0634463 ] ] ] ] } },
{ "type": "Feature", "properties": { "id": 169, "code": "GM0590", "areaname": "Papendrecht", "area_large": 10525354.959442616, "area_small": 10525354.959442616, "surface_in_emp": 1.0, "in_empire": 1.0, "distance_from_border": 58616.255889015811 }, "geometry": { "type": "MultiPolygon", "coordinates": [ [ [ [ 4.7427639, 51.8410027 ], [ 4.7296387, 51.8221687 ], [ 4.6717087, 51.820854 ], [ 4.6704388, 51.8235891 ], [ 4.6726062, 51.8386503 ], [ 4.6831907, 51.8484915 ], [ 4.7066969, 51.8410711 ], [ 4.7427639, 51.8410027 ] ] ] ] } },
{ "type": "Feature", "properties": { "id": 170, "code": "GM0597", "areaname": "Ridderkerk", "area_large": 25459941.081719398, "area_small": 25459941.081719398, "surface_in_emp": 1.0, "in_empire": 1.0, "distance_from_border": 57169.068323944834 }, "geometry": { "type": "MultiPolygon", "coordinates": [ [ [ [ 4.6195722, 51.8895227 ], [ 4.6263911, 51.8806578 ], [ 4.635261, 51.8697112 ], [ 4.647294, 51.8572162 ], [ 4.6049128, 51.8483845 ], [ 4.6001549, 51.8387301 ], [ 4.5710584, 51.8471168 ], [ 4.5493831, 51.8740272 ], [ 4.5691113, 51.8781482 ], [ 4.5763285, 51.9030317 ], [ 4.6195722, 51.8895227 ] ] ] ] } },
{ "type": "Feature", "properties": { "id": 171, "code": "GM0599", "areaname": "Rotterdam", "area_large": 292962156.11826414, "area_small": 200422629.83933967, "surface_in_emp": 0.68412464085781877, "in_empire": 1.0, "distance_from_border": 48668.970315006984 }, "geometry": { "type": "MultiPolygon", "coordinates": [ [ [ [ 4.2195288, 51.9413997 ], [ 4.2127177, 51.9337275 ], [ 4.2364648, 51.9173033 ], [ 4.2675712, 51.905335 ], [ 4.2963726, 51.8970529 ], [ 4.330957, 51.8941025 ], [ 4.3706227, 51.8993555 ], [ 4.4137103, 51.9007546 ], [ 4.4170643, 51.9204237 ], [ 4.3891413, 51.9455821 ], [ 4.3793095, 51.9634066 ], [ 4.4029334, 51.9663163 ], [ 4.4079109, 51.9681986 ], [ 4.4278984, 51.9764665 ], [ 4.4466821, 51.962786 ], [ 4.4694512, 51.9801875 ], [ 4.5122468, 51.9624204 ], [ 4.5476863, 51.9728066 ], [ 4.5719089, 51.9718688 ], [ 4.5789429, 51.9898607 ], [ 4.598773, 51.9879686 ], [ 4.5839924, 51.965369 ], [ 4.5615875, 51.9566539 ], [ 4.5662388, 51.9259088 ], [ 4.5499013, 51.9067285 ], [ 4.5763285, 51.9030317 ], [ 4.5691113, 51.8781482 ], [ 4.5493831, 51.8740272 ], [ 4.4944054, 51.8689689 ], [ 4.4804026, 51.8623276 ], [ 4.4176188, 51.8724211 ], [ 4.3863687, 51.866381 ], [ 4.3844366, 51.8615616 ], [ 4.3836645, 51.8421183 ], [ 4.3536302, 51.8490529 ], [ 4.3355398, 51.8643018 ], [ 4.2650311, 51.8647673 ], [ 4.2393832, 51.8729859 ], [ 4.2200671, 51.896067 ], [ 4.1626685, 51.9266519 ], [ 4.1448897, 51.9314095 ], [ 4.1077238, 51.9361416 ], [ 4.0639353, 51.9322271 ], [ 3.9944406, 51.9160611 ], [ 3.9854941, 51.9176868 ], [ 3.9611873, 51.9605368 ], [ 3.9839788, 51.9851434 ], [ 4.0084642, 51.9888569 ], [ 4.0416955, 51.9859681 ], [ 4.0476988, 51.9945268 ], [ 4.095019, 51.9846001 ], [ 4.1250318, 52.0017572 ], [ 4.1472807, 51.9813933 ], [ 4.1874928, 51.966837 ], [ 4.192396, 51.9548059 ], [ 4.2195288, 51.9413997 ] ] ] ] } },
{ "type": "Feature", "properties": { "id": 171, "code": "GM0599", "areaname": "Rotterdam", "area_large": 292962156.11826414, "area_small": 10272422.966244549, "surface_in_emp": 0.035063992914148731, "in_empire": 0.0, "distance_from_border": 48668.970315006984 }, "geometry": { "type": "MultiPolygon", "coordinates": [ [ [ [ 4.2195288, 51.9413997 ], [ 4.2127177, 51.9337275 ], [ 4.2364648, 51.9173033 ], [ 4.2675712, 51.905335 ], [ 4.2963726, 51.8970529 ], [ 4.330957, 51.8941025 ], [ 4.3706227, 51.8993555 ], [ 4.4137103, 51.9007546 ], [ 4.4170643, 51.9204237 ], [ 4.3891413, 51.9455821 ], [ 4.3793095, 51.9634066 ], [ 4.4029334, 51.9663163 ], [ 4.4079109, 51.9681986 ], [ 4.4278984, 51.9764665 ], [ 4.4466821, 51.962786 ], [ 4.4694512, 51.9801875 ], [ 4.5122468, 51.9624204 ], [ 4.5476863, 51.9728066 ], [ 4.5719089, 51.9718688 ], [ 4.5789429, 51.9898607 ], [ 4.598773, 51.9879686 ], [ 4.5839924, 51.965369 ], [ 4.5615875, 51.9566539 ], [ 4.5662388, 51.9259088 ], [ 4.5499013, 51.9067285 ], [ 4.5763285, 51.9030317 ], [ 4.5691113, 51.8781482 ], [ 4.5493831, 51.8740272 ], [ 4.4944054, 51.8689689 ], [ 4.4804026, 51.8623276 ], [ 4.4176188, 51.8724211 ], [ 4.3863687, 51.866381 ], [ 4.3844366, 51.8615616 ], [ 4.3836645, 51.8421183 ], [ 4.3536302, 51.8490529 ], [ 4.3355398, 51.8643018 ], [ 4.2650311, 51.8647673 ], [ 4.2393832, 51.8729859 ], [ 4.2200671, 51.896067 ], [ 4.1626685, 51.9266519 ], [ 4.1448897, 51.9314095 ], [ 4.1077238, 51.9361416 ], [ 4.0639353, 51.9322271 ], [ 3.9944406, 51.9160611 ], [ 3.9854941, 51.9176868 ], [ 3.9611873, 51.9605368 ], [ 3.9839788, 51.9851434 ], [ 4.0084642, 51.9888569 ], [ 4.0416955, 51.9859681 ], [ 4.0476988, 51.9945268 ], [ 4.095019, 51.9846001 ], [ 4.1250318, 52.0017572 ], [ 4.1472807, 51.9813933 ], [ 4.1874928, 51.966837 ], [ 4.192396, 51.9548059 ], [ 4.2195288, 51.9413997 ] ] ] ] } },
{ "type": "Feature", "properties": { "id": 172, "code": "GM0603", "areaname": "Rijswijk", "area_large": 14727460.302046776, "area_small": 14727460.302046776, "surface_in_emp": 1.0, "in_empire": 1.0, "distance_from_border": 47405.262294896318 }, "geometry": { "type": "MultiPolygon", "coordinates": [ [ [ [ 4.3577903, 52.0268632 ], [ 4.3259562, 52.0127933 ], [ 4.3098193, 52.015634 ], [ 4.3076386, 52.0181514 ], [ 4.2909517, 52.041573 ], [ 4.3400472, 52.0618059 ], [ 4.3577903, 52.0268632 ] ] ] ] } },
{ "type": "Feature", "properties": { "id": 173, "code": "GM0606", "areaname": "Schiedam", "area_large": 18553788.775228024, "area_small": 18553788.775228024, "surface_in_emp": 1.0, "in_empire": 1.0, "distance_from_border": 57243.556242101993 }, "geometry": { "type": "MultiPolygon", "coordinates": [ [ [ [ 4.3793095, 51.9634066 ], [ 4.3891413, 51.9455821 ], [ 4.4170643, 51.9204237 ], [ 4.4137103, 51.9007546 ], [ 4.3706227, 51.8993555 ], [ 4.3609424, 51.9380336 ], [ 4.3506714, 51.9515065 ], [ 4.3793095, 51.9634066 ] ] ] ] } },
{ "type": "Feature", "properties": { "id": 174, "code": "GM0610", "areaname": "Sliedrecht", "area_large": 14109574.129910469, "area_small": 14109574.129910469, "surface_in_emp": 1.0, "in_empire": 1.0, "distance_from_border": 56750.038112697985 }, "geometry": { "type": "MultiPolygon", "coordinates": [ [ [ [ 4.8033785, 51.8463534 ], [ 4.8114158, 51.8186582 ], [ 4.7661803, 51.8160655 ], [ 4.7296387, 51.8221687 ], [ 4.7427639, 51.8410027 ], [ 4.8033785, 51.8463534 ] ] ] ] } },
{ "type": "Feature", "properties": { "id": 175, "code": "GM0613", "areaname": "Albrandswaard", "area_large": 23261086.541359961, "area_small": 23261086.541359961, "surface_in_emp": 1.0, "in_empire": 1.0, "distance_from_border": 64798.81893371047 }, "geometry": { "type": "MultiPolygon", "coordinates": [ [ [ [ 4.4804026, 51.8623276 ], [ 4.4890943, 51.8353956 ], [ 4.450083, 51.8321735 ], [ 4.4324823, 51.8370461 ], [ 4.4141724, 51.842789 ], [ 4.3836645, 51.8421183 ], [ 4.3844366, 51.8615616 ], [ 4.3863687, 51.866381 ], [ 4.4176188, 51.8724211 ], [ 4.4804026, 51.8623276 ] ] ] ] } },
{ "type": "Feature", "properties": { "id": 176, "code": "GM0614", "areaname": "Westvoorne", "area_large": 58876030.735110283, "area_small": 24288561.278581619, "surface_in_emp": 0.41253734287656924, "in_empire": 1.0, "distance_from_border": 65917.57182767737 }, "geometry": { "type": "MultiPolygon", "coordinates": [ [ [ [ 4.1448897, 51.9314095 ], [ 4.1533782, 51.9221686 ], [ 4.1353691, 51.9064598 ], [ 4.1552789, 51.8816034 ], [ 4.1307729, 51.8762978 ], [ 4.1172445, 51.8579584 ], [ 4.0675242, 51.8454312 ], [ 4.064696, 51.8538015 ], [ 4.0288068, 51.8864193 ], [ 4.0540895, 51.9149332 ], [ 4.0391924, 51.9240755 ], [ 3.9944406, 51.9160611 ], [ 4.0639353, 51.9322271 ], [ 4.1077238, 51.9361416 ], [ 4.1448897, 51.9314095 ] ] ] ] } },
{ "type": "Feature", "properties": { "id": 177, "code": "GM0622", "areaname": "Vlaardingen", "area_large": 26405870.058531761, "area_small": 26405870.058531761, "surface_in_emp": 1.0, "in_empire": 1.0, "distance_from_border": 58985.874717687781 }, "geometry": { "type": "MultiPolygon", "coordinates": [ [ [ [ 4.3706227, 51.8993555 ], [ 4.330957, 51.8941025 ], [ 4.2963726, 51.8970529 ], [ 4.2675712, 51.905335 ], [ 4.292611, 51.9212363 ], [ 4.3148431, 51.9368101 ], [ 4.3506714, 51.9515065 ], [ 4.3609424, 51.9380336 ], [ 4.3706227, 51.8993555 ] ] ] ] } },
{ "type": "Feature", "properties": { "id": 178, "code": "GM0626", "areaname": "Voorschoten", "area_large": 11576990.600481749, "area_small": 11576990.600481749, "surface_in_emp": 1.0, "in_empire": 1.0, "distance_from_border": 35776.487803853801 }, "geometry": { "type": "MultiPolygon", "coordinates": [ [ [ [ 4.4644923, 52.1273112 ], [ 4.4279026, 52.1014702 ], [ 4.4011591, 52.11187 ], [ 4.4429885, 52.1453458 ], [ 4.4654055, 52.1494429 ], [ 4.4644923, 52.1273112 ] ] ] ] } },
{ "type": "Feature", "properties": { "id": 179, "code": "GM0627", "areaname": "Waddinxveen", "area_large": 29745586.427681297, "area_small": 29745586.427681297, "surface_in_emp": 1.0, "in_empire": 1.0, "distance_from_border": 39358.755621424963 }, "geometry": { "type": "MultiPolygon", "coordinates": [ [ [ [ 4.6599677, 52.0641043 ], [ 4.6773115, 52.0439711 ], [ 4.7060393, 52.0401197 ], [ 4.6805414, 52.0279813 ], [ 4.6666066, 52.0129706 ], [ 4.6488127, 52.0205756 ], [ 4.6247357, 52.0147221 ], [ 4.5910894, 52.0350874 ], [ 4.6073346, 52.045312 ], [ 4.6074271, 52.0655265 ], [ 4.6070237, 52.0770458 ], [ 4.6368812, 52.0735316 ], [ 4.6599677, 52.0641043 ] ] ] ] } },
{ "type": "Feature", "properties": { "id": 180, "code": "GM0629", "areaname": "Wassenaar", "area_large": 53587059.305765629, "area_small": 47580614.591137409, "surface_in_emp": 0.88791240287406548, "in_empire": 1.0, "distance_from_border": 33536.632927063329 }, "geometry": { "type": "MultiPolygon", "coordinates": [ [ [ [ 4.4404782, 52.155653 ], [ 4.4429885, 52.1453458 ], [ 4.4011591, 52.11187 ], [ 4.3727093, 52.0947726 ], [ 4.3437435, 52.0981085 ], [ 4.3029046, 52.1283241 ], [ 4.3744335, 52.1868738 ], [ 4.4115951, 52.1634792 ], [ 4.4404782, 52.155653 ] ] ] ] } },
{ "type": "Feature", "properties": { "id": 181, "code": "GM0632", "areaname": "Woerden", "area_large": 94589032.885382831, "area_small": 94589032.885382831, "surface_in_emp": 1.0, "in_empire": 1.0, "distance_from_border": 21160.798284238437 }, "geometry": { "type": "MultiPolygon", "coordinates": [ [ [ [ 4.909638, 52.1618709 ], [ 4.9439161, 52.1275368 ], [ 4.970096, 52.1224417 ], [ 5.0050071, 52.0884521 ], [ 4.9994983, 52.0661314 ], [ 4.9563333, 52.0702994 ], [ 4.9362024, 52.0798658 ], [ 4.9016134, 52.0703964 ], [ 4.8732004, 52.0687454 ], [ 4.8403764, 52.0688801 ], [ 4.8262757, 52.0746436 ], [ 4.8253147, 52.1071511 ], [ 4.7920802, 52.1222874 ], [ 4.8131111, 52.1401732 ], [ 4.8330531, 52.1447061 ], [ 4.8745185, 52.1388314 ], [ 4.8736235, 52.1560825 ], [ 4.8921783, 52.1617979 ], [ 4.909638, 52.1618709 ] ] ] ] } },
{ "type": "Feature", "properties": { "id": 182, "code": "GM0637", "areaname": "Zoetermeer", "area_large": 37472389.327312589, "area_small": 37472389.327312589, "surface_in_emp": 1.0, "in_empire": 1.0, "distance_from_border": 41597.24263397108 }, "geometry": { "type": "MultiPolygon", "coordinates": [ [ [ [ 4.5305552, 52.0805107 ], [ 4.5571802, 52.0612394 ], [ 4.5047093, 52.0319308 ], [ 4.4767061, 52.0316421 ], [ 4.4505641, 52.0492102 ], [ 4.4220724, 52.0516731 ], [ 4.4208325, 52.06258 ], [ 4.4567521, 52.0788148 ], [ 4.4922189, 52.0900098 ], [ 4.5044496, 52.0932903 ], [ 4.5305552, 52.0805107 ] ] ] ] } },
{ "type": "Feature", "properties": { "id": 183, "code": "GM0638", "areaname": "Zoeterwoude", "area_large": 21835144.709627032, "area_small": 21835144.709627032, "surface_in_emp": 1.0, "in_empire": 1.0, "distance_from_border": 35485.145190816103 }, "geometry": { "type": "MultiPolygon", "coordinates": [ [ [ [ 4.5305552, 52.0805107 ], [ 4.5044496, 52.0932903 ], [ 4.4922189, 52.0900098 ], [ 4.4729754, 52.1189516 ], [ 4.5240377, 52.1473979 ], [ 4.550733, 52.1383803 ], [ 4.5353228, 52.1204325 ], [ 4.5371347, 52.083946 ], [ 4.5305552, 52.0805107 ] ] ] ] } },
{ "type": "Feature", "properties": { "id": 184, "code": "GM0642", "areaname": "Zwijndrecht", "area_large": 21188804.691973925, "area_small": 21188804.691973925, "surface_in_emp": 1.0, "in_empire": 1.0, "distance_from_border": 62226.308480331267 }, "geometry": { "type": "MultiPolygon", "coordinates": [ [ [ [ 4.6704388, 51.8235891 ], [ 4.6717087, 51.820854 ], [ 4.6212216, 51.8008037 ], [ 4.5696316, 51.8113085 ], [ 4.5536087, 51.8298969 ], [ 4.5710584, 51.8471168 ], [ 4.6001549, 51.8387301 ], [ 4.6372671, 51.8253943 ], [ 4.6704388, 51.8235891 ] ] ] ] } },
{ "type": "Feature", "properties": { "id": 185, "code": "GM0654", "areaname": "Borsele", "area_large": 143504845.82874447, "area_small": 143504845.82874447, "surface_in_emp": 1.0, "in_empire": 1.0, "distance_from_border": 118468.11318028541 }, "geometry": { "type": "MultiPolygon", "coordinates": [ [ [ [ 3.9128777, 51.4791216 ], [ 3.9129147, 51.4772294 ], [ 3.9101264, 51.4730766 ], [ 3.9090453, 51.4714661 ], [ 3.907732, 51.4695098 ], [ 3.9254331, 51.4515275 ], [ 3.9257818, 51.4344857 ], [ 3.9006238, 51.3949994 ], [ 3.8714122, 51.3973713 ], [ 3.8581632, 51.3912259 ], [ 3.8128607, 51.3855444 ], [ 3.7549563, 51.4148017 ], [ 3.7348089, 51.4111428 ], [ 3.7085436, 51.4347017 ], [ 3.7046484, 51.4503041 ], [ 3.710279, 51.4546197 ], [ 3.7148816, 51.4636357 ], [ 3.705626, 51.4769481 ], [ 3.7036479, 51.4822703 ], [ 3.7055363, 51.5024559 ], [ 3.7674564, 51.4983595 ], [ 3.8036839, 51.4844706 ], [ 3.8419388, 51.4852706 ], [ 3.9128777, 51.4791216 ] ] ] ] } },
{ "type": "Feature", "properties": { "id": 186, "code": "GM0664", "areaname": "Goes", "area_large": 93270865.468941689, "area_small": 43207642.74777174, "surface_in_emp": 0.46324908137750126, "in_empire": 1.0, "distance_from_border": 111456.06362423417 }, "geometry": { "type": "MultiPolygon", "coordinates": [ [ [ [ 3.8651158, 51.541477 ], [ 3.8668595, 51.5417079 ], [ 3.9272473, 51.5435698 ], [ 3.9404569, 51.5254818 ], [ 3.9710548, 51.5277217 ], [ 3.9652305, 51.5064692 ], [ 3.9258215, 51.4918685 ], [ 3.9128777, 51.4791216 ], [ 3.8419388, 51.4852706 ], [ 3.8036839, 51.4844706 ], [ 3.7674564, 51.4983595 ], [ 3.7055363, 51.5024559 ], [ 3.745245, 51.5124719 ], [ 3.7281536, 51.5244657 ], [ 3.7343965, 51.540174 ], [ 3.7536459, 51.5475584 ], [ 3.7924672, 51.5410858 ], [ 3.8224693, 51.5483944 ], [ 3.849206, 51.539594 ], [ 3.8651158, 51.541477 ] ] ] ] } },
{ "type": "Feature", "properties": { "id": 187, "code": "GM0668", "areaname": "West Maas en Waal", "area_large": 84090279.966420174, "area_small": 84090279.966420174, "surface_in_emp": 1.0, "in_empire": 1.0, "distance_from_border": 23152.010496085477 }, "geometry": { "type": "MultiPolygon", "coordinates": [ [ [ [ 5.5313626, 51.8947534 ], [ 5.5684355, 51.8765455 ], [ 5.5850133, 51.8391066 ], [ 5.6098353, 51.8362738 ], [ 5.5979766, 51.8280494 ], [ 5.5581584, 51.8275267 ], [ 5.5409298, 51.8163076 ], [ 5.4858486, 51.829409 ], [ 5.4742146, 51.8146414 ], [ 5.4394039, 51.8097095 ], [ 5.4148854, 51.8212902 ], [ 5.4006332, 51.8376588 ], [ 5.4152342, 51.851801 ], [ 5.4229783, 51.8664242 ], [ 5.4449836, 51.8842033 ], [ 5.4639167, 51.8890089 ], [ 5.5090312, 51.8898449 ], [ 5.5313626, 51.8947534 ] ] ] ] } },
{ "type": "Feature", "properties": { "id": 188, "code": "GM0677", "areaname": "Hulst", "area_large": 208821639.8713994, "area_small": 208821639.8713994, "surface_in_emp": 1.0, "in_empire": 1.0, "distance_from_border": 121189.02851646808 }, "geometry": { "type": "MultiPolygon", "coordinates": [ [ [ [ 4.005693, 51.2418759 ], [ 3.9822367, 51.2491098 ], [ 3.9788793, 51.3008145 ], [ 3.9532755, 51.3082909 ], [ 3.9617295, 51.3328958 ], [ 3.9570468, 51.3648127 ], [ 3.9417799, 51.3654089 ], [ 3.9590669, 51.3676688 ], [ 3.9743088, 51.4066887 ], [ 4.0163143, 51.4013126 ], [ 4.0531613, 51.3657918 ], [ 4.0859728, 51.3641736 ], [ 4.1154341, 51.3524237 ], [ 4.1367844, 51.3633162 ], [ 4.1914156, 51.3764192 ], [ 4.2064559, 51.3744716 ], [ 4.2346957, 51.3480602 ], [ 4.1661317, 51.2928929 ], [ 4.0579108, 51.2434212 ], [ 4.005693, 51.2418759 ] ] ] ] } },
{ "type": "Feature", "properties": { "id": 189, "code": "GM0678", "areaname": "Kapelle", "area_large": 38382782.43639493, "area_small": 20332604.268032849, "surface_in_emp": 0.52973242108558749, "in_empire": 1.0, "distance_from_border": 111769.31148523313 }, "geometry": { "type": "MultiPolygon", "coordinates": [ [ [ [ 4.0136136, 51.5197306 ], [ 4.0047312, 51.5048433 ], [ 4.0073228, 51.4586342 ], [ 3.993001, 51.4513418 ], [ 3.9754126, 51.4623663 ], [ 3.93332, 51.4485521 ], [ 3.9256062, 51.4514783 ], [ 3.9254331, 51.4515275 ], [ 3.907732, 51.4695098 ], [ 3.9090453, 51.4714661 ], [ 3.9101264, 51.4730766 ], [ 3.9129147, 51.4772294 ], [ 3.9128777, 51.4791216 ], [ 3.9258215, 51.4918685 ], [ 3.9652305, 51.5064692 ], [ 3.9710548, 51.5277217 ], [ 4.0136136, 51.5197306 ] ] ] ] } },
{ "type": "Feature", "properties": { "id": 189, "code": "GM0678", "areaname": "Kapelle", "area_large": 38382782.43639493, "area_small": 767205.66821050644, "surface_in_emp": 0.019988276500846759, "in_empire": 0.0, "distance_from_border": 111769.31148523313 }, "geometry": { "type": "MultiPolygon", "coordinates": [ [ [ [ 4.0136136, 51.5197306 ], [ 4.0047312, 51.5048433 ], [ 4.0073228, 51.4586342 ], [ 3.993001, 51.4513418 ], [ 3.9754126, 51.4623663 ], [ 3.93332, 51.4485521 ], [ 3.9256062, 51.4514783 ], [ 3.9254331, 51.4515275 ], [ 3.907732, 51.4695098 ], [ 3.9090453, 51.4714661 ], [ 3.9101264, 51.4730766 ], [ 3.9129147, 51.4772294 ], [ 3.9128777, 51.4791216 ], [ 3.9258215, 51.4918685 ], [ 3.9652305, 51.5064692 ], [ 3.9710548, 51.5277217 ], [ 4.0136136, 51.5197306 ] ] ] ] } },
{ "type": "Feature", "properties": { "id": 190, "code": "GM0687", "areaname": "Middelburg", "area_large": 50035508.315358996, "area_small": 50035508.315358996, "surface_in_emp": 1.0, "in_empire": 1.0, "distance_from_border": 119345.75238021184 }, "geometry": { "type": "MultiPolygon", "coordinates": [ [ [ [ 3.6415968, 51.5196932 ], [ 3.6565061, 51.5221729 ], [ 3.6802023, 51.5344961 ], [ 3.700716, 51.5117004 ], [ 3.7281536, 51.5244657 ], [ 3.745245, 51.5124719 ], [ 3.7055363, 51.5024559 ], [ 3.7036479, 51.4822703 ], [ 3.6675013, 51.4698225 ], [ 3.6483497, 51.4698451 ], [ 3.6289786, 51.4807551 ], [ 3.6087505, 51.4756359 ], [ 3.5869788, 51.4792534 ], [ 3.5796304, 51.4892159 ], [ 3.5836843, 51.5196266 ], [ 3.5929582, 51.5321671 ], [ 3.6415968, 51.5196932 ] ] ] ] } },
{ "type": "Feature", "properties": { "id": 191, "code": "GM0703", "areaname": "Reimerswaal", "area_large": 111366422.69970274, "area_small": 78163636.296290338, "surface_in_emp": 0.7018599897660085, "in_empire": 1.0, "distance_from_border": 109219.62809567961 }, "geometry": { "type": "MultiPolygon", "coordinates": [ [ [ [ 4.2176132, 51.4876762 ], [ 4.2303278, 51.4889043 ], [ 4.2654318, 51.4396807 ], [ 4.2758516, 51.4250494 ], [ 4.2637323, 51.4164491 ], [ 4.268382, 51.3835459 ], [ 4.2774246, 51.3760352 ], [ 4.2431962, 51.3748106 ], [ 4.2316246, 51.3949009 ], [ 4.1974791, 51.4068553 ], [ 4.1567362, 51.394827 ], [ 4.1069158, 51.4025176 ], [ 4.0618573, 51.4137094 ], [ 4.0503446, 51.4298454 ], [ 3.993001, 51.4513418 ], [ 4.0073228, 51.4586342 ], [ 4.0047312, 51.5048433 ], [ 4.0136136, 51.5197306 ], [ 4.042673, 51.5026432 ], [ 4.0548596, 51.4815399 ], [ 4.0932435, 51.4463203 ], [ 4.1331197, 51.431401 ], [ 4.1534234, 51.4329943 ], [ 4.1814516, 51.4439902 ], [ 4.2230535, 51.4386701 ], [ 4.2176132, 51.4876762 ] ] ] ] } },
{ "type": "Feature", "properties": { "id": 191, "code": "GM0703", "areaname": "Reimerswaal", "area_large": 111366422.69970274, "area_small": 3933550.0639845133, "surface_in_emp": 0.035320790312096582, "in_empire": 0.0, "distance_from_border": 109219.62809567961 }, "geometry": { "type": "MultiPolygon", "coordinates": [ [ [ [ 4.2176132, 51.4876762 ], [ 4.2303278, 51.4889043 ], [ 4.2654318, 51.4396807 ], [ 4.2758516, 51.4250494 ], [ 4.2637323, 51.4164491 ], [ 4.268382, 51.3835459 ], [ 4.2774246, 51.3760352 ], [ 4.2431962, 51.3748106 ], [ 4.2316246, 51.3949009 ], [ 4.1974791, 51.4068553 ], [ 4.1567362, 51.394827 ], [ 4.1069158, 51.4025176 ], [ 4.0618573, 51.4137094 ], [ 4.0503446, 51.4298454 ], [ 3.993001, 51.4513418 ], [ 4.0073228, 51.4586342 ], [ 4.0047312, 51.5048433 ], [ 4.0136136, 51.5197306 ], [ 4.042673, 51.5026432 ], [ 4.0548596, 51.4815399 ], [ 4.0932435, 51.4463203 ], [ 4.1331197, 51.431401 ], [ 4.1534234, 51.4329943 ], [ 4.1814516, 51.4439902 ], [ 4.2230535, 51.4386701 ], [ 4.2176132, 51.4876762 ] ] ] ] } },
{ "type": "Feature", "properties": { "id": 192, "code": "GM0715", "areaname": "Terneuzen", "area_large": 265289622.30151182, "area_small": 265289622.30151182, "surface_in_emp": 1.0, "in_empire": 1.0, "distance_from_border": 129346.47273543873 }, "geometry": { "type": "MultiPolygon", "coordinates": [ [ [ [ 3.9417799, 51.3654089 ], [ 3.9570468, 51.3648127 ], [ 3.9617295, 51.3328958 ], [ 3.9532755, 51.3082909 ], [ 3.9788793, 51.3008145 ], [ 3.9822367, 51.2491098 ], [ 4.005693, 51.2418759 ], [ 3.9585624, 51.2158073 ], [ 3.8863496, 51.2001621 ], [ 3.8886021, 51.2229986 ], [ 3.8595738, 51.2108307 ], [ 3.8211543, 51.2092059 ], [ 3.7911453, 51.2140124 ], [ 3.7894515, 51.2457863 ], [ 3.7954733, 51.2560533 ], [ 3.7557144, 51.2693441 ], [ 3.6939337, 51.276039 ], [ 3.7066106, 51.288826 ], [ 3.7035824, 51.3099432 ], [ 3.6862837, 51.3215988 ], [ 3.6662042, 51.3198117 ], [ 3.6442319, 51.3417414 ], [ 3.6593982, 51.3511353 ], [ 3.6938144, 51.3524738 ], [ 3.6930506, 51.3652876 ], [ 3.7225363, 51.349618 ], [ 3.7889948, 51.3495573 ], [ 3.8420461, 51.3358184 ], [ 3.866853, 51.3363691 ], [ 3.8755968, 51.3463043 ], [ 3.9417799, 51.3654089 ] ] ] ] } },
{ "type": "Feature", "properties": { "id": 193, "code": "GM0716", "areaname": "Tholen", "area_large": 158814979.31081742, "area_small": 158814979.31081742, "surface_in_emp": 1.0, "in_empire": 1.0, "distance_from_border": 95157.887578807044 }, "geometry": { "type": "MultiPolygon", "coordinates": [ [ [ [ 4.1931759, 51.638763 ], [ 4.1941367, 51.6390303 ], [ 4.2373237, 51.6340144 ], [ 4.2144666, 51.627664 ], [ 4.1916849, 51.609337 ], [ 4.1922315, 51.5939016 ], [ 4.2281211, 51.5637163 ], [ 4.2361189, 51.5503658 ], [ 4.2189272, 51.5048585 ], [ 4.2303278, 51.4889043 ], [ 4.2176132, 51.4876762 ], [ 4.1766868, 51.5018758 ], [ 4.1639357, 51.5228246 ], [ 4.0738226, 51.5273151 ], [ 4.0490731, 51.5525894 ], [ 4.0054477, 51.5756924 ], [ 3.983872, 51.580877 ], [ 3.9900075, 51.5926353 ], [ 4.0237827, 51.5968818 ], [ 4.0745564, 51.61347 ], [ 4.1278728, 51.6019048 ], [ 4.1176017, 51.6246358 ], [ 4.1005801, 51.6428255 ], [ 4.1202552, 51.6535955 ], [ 4.1931759, 51.638763 ] ] ] ] } },
{ "type": "Feature", "properties": { "id": 194, "code": "GM0717", "areaname": "Veere", "area_large": 132927994.4963963, "area_small": 89330008.250418663, "surface_in_emp": 0.6720180244112568, "in_empire": 1.0, "distance_from_border": 107445.83858328145 }, "geometry": { "type": "MultiPolygon", "coordinates": [ [ [ [ 3.6336234, 51.5893974 ], [ 3.6349135, 51.5868925 ], [ 3.6302848, 51.5715665 ], [ 3.669722, 51.5502933 ], [ 3.6802023, 51.5344961 ], [ 3.6565061, 51.5221729 ], [ 3.6415968, 51.5196932 ], [ 3.5929582, 51.5321671 ], [ 3.5836843, 51.5196266 ], [ 3.5796304, 51.4892159 ], [ 3.5869788, 51.4792534 ], [ 3.5268427, 51.46304 ], [ 3.4969442, 51.493935 ], [ 3.4510467, 51.5148314 ], [ 3.4333436, 51.5274491 ], [ 3.4383059, 51.5424441 ], [ 3.5530834, 51.588767 ], [ 3.5753835, 51.5935376 ], [ 3.6336234, 51.5893974 ] ] ], [ [ [ 3.6831268, 51.6007632 ], [ 3.6807538, 51.600098 ], [ 3.6825243, 51.6234085 ], [ 3.7189557, 51.6503314 ], [ 3.7222244, 51.6503378 ], [ 3.7161936, 51.6365983 ], [ 3.6873339, 51.6217259 ], [ 3.6831268, 51.6007632 ] ] ] ] } },
{ "type": "Feature", "properties": { "id": 194, "code": "GM0717", "areaname": "Veere", "area_large": 132927994.4963963, "area_small": 2900964.2761267424, "surface_in_emp": 0.021823576644763025, "in_empire": 0.0, "distance_from_border": 107445.83858328145 }, "geometry": { "type": "MultiPolygon", "coordinates": [ [ [ [ 3.6336234, 51.5893974 ], [ 3.6349135, 51.5868925 ], [ 3.6302848, 51.5715665 ], [ 3.669722, 51.5502933 ], [ 3.6802023, 51.5344961 ], [ 3.6565061, 51.5221729 ], [ 3.6415968, 51.5196932 ], [ 3.5929582, 51.5321671 ], [ 3.5836843, 51.5196266 ], [ 3.5796304, 51.4892159 ], [ 3.5869788, 51.4792534 ], [ 3.5268427, 51.46304 ], [ 3.4969442, 51.493935 ], [ 3.4510467, 51.5148314 ], [ 3.4333436, 51.5274491 ], [ 3.4383059, 51.5424441 ], [ 3.5530834, 51.588767 ], [ 3.5753835, 51.5935376 ], [ 3.6336234, 51.5893974 ] ] ], [ [ [ 3.6831268, 51.6007632 ], [ 3.6807538, 51.600098 ], [ 3.6825243, 51.6234085 ], [ 3.7189557, 51.6503314 ], [ 3.7222244, 51.6503378 ], [ 3.7161936, 51.6365983 ], [ 3.6873339, 51.6217259 ], [ 3.6831268, 51.6007632 ] ] ] ] } },
{ "type": "Feature", "properties": { "id": 195, "code": "GM0718", "areaname": "Vlissingen", "area_large": 32946709.664886713, "area_small": 32946709.664886713, "surface_in_emp": 1.0, "in_empire": 1.0, "distance_from_border": 124287.44509749449 }, "geometry": { "type": "MultiPolygon", "coordinates": [ [ [ [ 3.705626, 51.4769481 ], [ 3.7026293, 51.4748119 ], [ 3.7062982, 51.4709569 ], [ 3.6862398, 51.460942 ], [ 3.658476, 51.456887 ], [ 3.6400277, 51.4435226 ], [ 3.5750097, 51.4390491 ], [ 3.5268427, 51.46304 ], [ 3.5869788, 51.4792534 ], [ 3.6087505, 51.4756359 ], [ 3.6289786, 51.4807551 ], [ 3.6483497, 51.4698451 ], [ 3.6675013, 51.4698225 ], [ 3.7036479, 51.4822703 ], [ 3.705626, 51.4769481 ] ] ] ] } },
{ "type": "Feature", "properties": { "id": 196, "code": "GM0736", "areaname": "De Ronde Venen", "area_large": 118752931.78615063, "area_small": 118752931.78615063, "surface_in_emp": 1.0, "in_empire": 1.0, "distance_from_border": 3946.8944130078016 }, "geometry": { "type": "MultiPolygon", "coordinates": [ [ [ [ 5.0215432, 52.3024569 ], [ 5.0218672, 52.2826533 ], [ 5.0074627, 52.2317045 ], [ 4.9804138, 52.2268474 ], [ 4.9665957, 52.2000523 ], [ 4.9286063, 52.1672001 ], [ 4.909638, 52.1618709 ], [ 4.8921783, 52.1617979 ], [ 4.8440615, 52.1800657 ], [ 4.8135943, 52.2018471 ], [ 4.7945757, 52.2267307 ], [ 4.8286136, 52.2305931 ], [ 4.8520533, 52.2420135 ], [ 4.8701213, 52.2532822 ], [ 4.9109702, 52.2526822 ], [ 4.9337551, 52.2808958 ], [ 4.9552405, 52.2783049 ], [ 4.983506, 52.2903681 ], [ 4.9974754, 52.2891184 ], [ 5.0215432, 52.3024569 ] ] ] ] } },
{ "type": "Feature", "properties": { "id": 197, "code": "GM0737", "areaname": "Tytsjerksteradiel", "area_large": 160927791.27686906, "area_small": null, "surface_in_emp": null, "in_empire": null, "distance_from_border": 96130.037475246427 }, "geometry": { "type": "MultiPolygon", "coordinates": [ [ [ [ 6.0197907, 53.240914 ], [ 6.0273952, 53.2301643 ], [ 6.086289, 53.215026 ], [ 6.0853042, 53.1942231 ], [ 6.1145934, 53.1759776 ], [ 6.105013, 53.1517994 ], [ 6.0789316, 53.1564552 ], [ 6.0130983, 53.1545368 ], [ 5.9434597, 53.121614 ], [ 5.9086288, 53.1447805 ], [ 5.931918, 53.1610841 ], [ 5.9259452, 53.1684274 ], [ 5.8619369, 53.1715187 ], [ 5.8536727, 53.188937 ], [ 5.8577276, 53.2040633 ], [ 5.8978917, 53.2086972 ], [ 5.8798923, 53.2332488 ], [ 5.8592413, 53.2432927 ], [ 5.832161, 53.2428566 ], [ 5.8386492, 53.2749493 ], [ 5.8607686, 53.2884938 ], [ 5.8822446, 53.2767825 ], [ 5.9257749, 53.2523532 ], [ 5.9425328, 53.2504754 ], [ 5.9559735, 53.2280563 ], [ 5.9853465, 53.2306583 ], [ 6.0197907, 53.240914 ] ] ] ] } },
{ "type": "Feature", "properties": { "id": 198, "code": "GM0743", "areaname": "Asten", "area_large": 70269427.393774271, "area_small": 70269427.393774271, "surface_in_emp": 1.0, "in_empire": 1.0, "distance_from_border": 30062.366047752992 }, "geometry": { "type": "MultiPolygon", "coordinates": [ [ [ [ 5.7182455, 51.4387336 ], [ 5.7556989, 51.4342679 ], [ 5.787882, 51.4126473 ], [ 5.8318829, 51.3992697 ], [ 5.8541031, 51.3764296 ], [ 5.8565806, 51.3537639 ], [ 5.8703596, 51.352535 ], [ 5.8401937, 51.3468771 ], [ 5.7704486, 51.3338046 ], [ 5.7337241, 51.3918729 ], [ 5.7052454, 51.4096642 ], [ 5.6939835, 51.4392398 ], [ 5.7182455, 51.4387336 ] ] ] ] } },
{ "type": "Feature", "properties": { "id": 199, "code": "GM0744", "areaname": "Baarle-Nassau", "area_large": 79779704.564114571, "area_small": 79779704.564114571, "surface_in_emp": 1.0, "in_empire": 1.0, "distance_from_border": 72487.032835168458 }, "geometry": { "type": "MultiPolygon", "coordinates": [ [ [ [ 5.0104626, 51.4582444 ], [ 5.004426, 51.4445814 ], [ 4.9632187, 51.422293 ], [ 4.9289786, 51.3960509 ], [ 4.8860704, 51.4165986 ], [ 4.7893343, 51.408987 ], [ 4.7711937, 51.4149091 ], [ 4.7666156, 51.4305037 ], [ 4.7865722, 51.4325187 ], [ 4.8285533, 51.4234451 ], [ 4.8233629, 51.4486189 ], [ 4.8361089, 51.4612455 ], [ 4.8418782, 51.4807358 ], [ 4.8912945, 51.4782165 ], [ 4.9446626, 51.4567903 ], [ 4.9771349, 51.4606816 ], [ 5.0104626, 51.4582444 ] ] ] ] } },
{ "type": "Feature", "properties": { "id": 200, "code": "GM0748", "areaname": "Bergen op Zoom", "area_large": 95649393.335636377, "area_small": 15198263.041879416, "surface_in_emp": 0.15889555084315368, "in_empire": 0.0, "distance_from_border": 100194.55956625813 }, "geometry": { "type": "MultiPolygon", "coordinates": [ [ [ [ 4.3179776, 51.5512158 ], [ 4.3298862, 51.5282396 ], [ 4.3524638, 51.5142994 ], [ 4.3495402, 51.503481 ], [ 4.3726435, 51.4877725 ], [ 4.3616324, 51.4763718 ], [ 4.3669659, 51.4567189 ], [ 4.3111666, 51.4601733 ], [ 4.2831733, 51.439667 ], [ 4.2654318, 51.4396807 ], [ 4.2303278, 51.4889043 ], [ 4.2189272, 51.5048585 ], [ 4.2361189, 51.5503658 ], [ 4.2520267, 51.5706577 ], [ 4.3179776, 51.5512158 ] ] ] ] } },
{ "type": "Feature", "properties": { "id": 200, "code": "GM0748", "areaname": "Bergen op Zoom", "area_large": 95649393.335636377, "area_small": 40008300.08011952, "surface_in_emp": 0.41828075103131374, "in_empire": 1.0, "distance_from_border": 100194.55956625813 }, "geometry": { "type": "MultiPolygon", "coordinates": [ [ [ [ 4.3179776, 51.5512158 ], [ 4.3298862, 51.5282396 ], [ 4.3524638, 51.5142994 ], [ 4.3495402, 51.503481 ], [ 4.3726435, 51.4877725 ], [ 4.3616324, 51.4763718 ], [ 4.3669659, 51.4567189 ], [ 4.3111666, 51.4601733 ], [ 4.2831733, 51.439667 ], [ 4.2654318, 51.4396807 ], [ 4.2303278, 51.4889043 ], [ 4.2189272, 51.5048585 ], [ 4.2361189, 51.5503658 ], [ 4.2520267, 51.5706577 ], [ 4.3179776, 51.5512158 ] ] ] ] } },
{ "type": "Feature", "properties": { "id": 201, "code": "GM0753", "areaname": "Best", "area_large": 36299428.522443652, "area_small": 36299428.522443652, "surface_in_emp": 1.0, "in_empire": 1.0, "distance_from_border": 43200.812693434535 }, "geometry": { "type": "MultiPolygon", "coordinates": [ [ [ [ 5.4238428, 51.5340551 ], [ 5.4475077, 51.512069 ], [ 5.4425706, 51.4939272 ], [ 5.3954378, 51.4831965 ], [ 5.3911869, 51.4717564 ], [ 5.3905185, 51.4851543 ], [ 5.3558874, 51.4961068 ], [ 5.3494863, 51.5171684 ], [ 5.3569108, 51.5447166 ], [ 5.4042333, 51.5482917 ], [ 5.4238428, 51.5340551 ] ] ] ] } },
{ "type": "Feature", "properties": { "id": 202, "code": "GM0755", "areaname": "Boekel", "area_large": 34712100.614075661, "area_small": 34712100.614075661, "surface_in_emp": 1.0, "in_empire": 1.0, "distance_from_border": 19114.47182614238 }, "geometry": { "type": "MultiPolygon", "coordinates": [ [ [ [ 5.7504782, 51.6226834 ], [ 5.7586146, 51.5939465 ], [ 5.6993859, 51.5841165 ], [ 5.6513573, 51.5823602 ], [ 5.6429283, 51.6062093 ], [ 5.6265685, 51.623401 ], [ 5.6649247, 51.6283394 ], [ 5.7504782, 51.6226834 ] ] ] ] } },
{ "type": "Feature", "properties": { "id": 203, "code": "GM0756", "areaname": "Boxmeer", "area_large": 113313669.39565325, "area_small": 113313669.39565325, "surface_in_emp": 1.0, "in_empire": 1.0, "distance_from_border": 2850.9023287064078 }, "geometry": { "type": "MultiPolygon", "coordinates": [ [ [ [ 5.9766069, 51.6437831 ], [ 6.0199798, 51.6219211 ], [ 6.0262814, 51.5955769 ], [ 6.0397178, 51.581616 ], [ 6.0481207, 51.5584625 ], [ 6.0316688, 51.5523388 ], [ 6.0042528, 51.5702435 ], [ 5.9354449, 51.5536002 ], [ 5.9066626, 51.5520309 ], [ 5.8708924, 51.5626442 ], [ 5.8772362, 51.5781658 ], [ 5.931853, 51.5968609 ], [ 5.9393547, 51.6127697 ], [ 5.9258882, 51.6320203 ], [ 5.8557977, 51.6622062 ], [ 5.8599033, 51.6699144 ], [ 5.8952462, 51.6814088 ], [ 5.8948059, 51.6884594 ], [ 5.9337848, 51.7161404 ], [ 5.9554166, 51.7091315 ], [ 5.9645866, 51.6755733 ], [ 5.963482, 51.6573236 ], [ 5.9766069, 51.6437831 ] ] ] ] } },
{ "type": "Feature", "properties": { "id": 204, "code": "GM0757", "areaname": "Boxtel", "area_large": 70169486.202707291, "area_small": 70169486.202707291, "surface_in_emp": 1.0, "in_empire": 1.0, "distance_from_border": 42504.582197236239 }, "geometry": { "type": "MultiPolygon", "coordinates": [ [ [ [ 5.3177319, 51.6346339 ], [ 5.3431774, 51.6168678 ], [ 5.352929, 51.6006906 ], [ 5.3805288, 51.6029019 ], [ 5.3993436, 51.5721946 ], [ 5.4042333, 51.5482917 ], [ 5.3569108, 51.5447166 ], [ 5.3331359, 51.5511084 ], [ 5.3083956, 51.5459798 ], [ 5.2732709, 51.5528208 ], [ 5.2461777, 51.5794781 ], [ 5.2476435, 51.5896167 ], [ 5.2756645, 51.6044055 ], [ 5.2688207, 51.6125378 ], [ 5.2805673, 51.6222539 ], [ 5.3043327, 51.6249238 ], [ 5.3177319, 51.6346339 ] ] ] ] } },
{ "type": "Feature", "properties": { "id": 205, "code": "GM0758", "areaname": "Breda", "area_large": 128739567.26660264, "area_small": 128739567.26660264, "surface_in_emp": 1.0, "in_empire": 1.0, "distance_from_border": 77535.581896746822 }, "geometry": { "type": "MultiPolygon", "coordinates": [ [ [ [ 4.7875059, 51.637048 ], [ 4.8182731, 51.6316156 ], [ 4.8426831, 51.6169859 ], [ 4.8426218, 51.5858293 ], [ 4.8642385, 51.5790889 ], [ 4.862985, 51.5572696 ], [ 4.8307695, 51.5503518 ], [ 4.7700605, 51.5273573 ], [ 4.7469951, 51.5154786 ], [ 4.7600233, 51.5023728 ], [ 4.7339966, 51.4855482 ], [ 4.7421577, 51.5056314 ], [ 4.7418016, 51.5310964 ], [ 4.7039968, 51.5497985 ], [ 4.6941868, 51.5448484 ], [ 4.6937158, 51.5679524 ], [ 4.6821062, 51.5988934 ], [ 4.6638719, 51.6040687 ], [ 4.6579845, 51.6204527 ], [ 4.6650716, 51.6343192 ], [ 4.6990597, 51.6380732 ], [ 4.7385368, 51.6428136 ], [ 4.7695821, 51.6295099 ], [ 4.7875059, 51.637048 ] ] ] ] } },
{ "type": "Feature", "properties": { "id": 206, "code": "GM0762", "areaname": "Deurne", "area_large": 118117505.3750999, "area_small": 118117505.3750999, "surface_in_emp": 1.0, "in_empire": 1.0, "distance_from_border": 20785.659633246738 }, "geometry": { "type": "MultiPolygon", "coordinates": [ [ [ [ 5.8749659, 51.4465577 ], [ 5.9312875, 51.3847527 ], [ 5.8703596, 51.352535 ], [ 5.8565806, 51.3537639 ], [ 5.8541031, 51.3764296 ], [ 5.8318829, 51.3992697 ], [ 5.787882, 51.4126473 ], [ 5.7556989, 51.4342679 ], [ 5.7182455, 51.4387336 ], [ 5.7300015, 51.4443557 ], [ 5.7173474, 51.4655302 ], [ 5.736091, 51.4719274 ], [ 5.7217177, 51.4851315 ], [ 5.7738264, 51.4886484 ], [ 5.8525737, 51.5041444 ], [ 5.8607144, 51.4919803 ], [ 5.8749659, 51.4465577 ] ] ] ] } },
{ "type": "Feature", "properties": { "id": 207, "code": "GM0765", "areaname": "Pekela", "area_large": 48652642.141715646, "area_small": null, "surface_in_emp": null, "in_empire": null, "distance_from_border": 119094.97244719097 }, "geometry": { "type": "MultiPolygon", "coordinates": [ [ [ [ 7.0297543, 53.1150971 ], [ 7.0426089, 53.101888 ], [ 7.0154459, 53.0717741 ], [ 7.0101334, 53.0737017 ], [ 6.95579, 53.0138607 ], [ 6.935854, 53.0196229 ], [ 6.9077028, 53.038881 ], [ 6.9333435, 53.0496128 ], [ 6.9305945, 53.0728516 ], [ 6.9605981, 53.0958013 ], [ 6.9617353, 53.1100213 ], [ 6.9652949, 53.1108311 ], [ 6.987693, 53.1161035 ], [ 7.0297543, 53.1150971 ] ] ] ] } },
{ "type": "Feature", "properties": { "id": 208, "code": "GM0766", "areaname": "Dongen", "area_large": 29660057.006001472, "area_small": 29660057.006001472, "surface_in_emp": 1.0, "in_empire": 1.0, "distance_from_border": 67341.06580984102 }, "geometry": { "type": "MultiPolygon", "coordinates": [ [ [ [ 4.9872669, 51.6546089 ], [ 5.0044921, 51.6078868 ], [ 4.9478464, 51.6111703 ], [ 4.9118817, 51.6153993 ], [ 4.9100281, 51.6294601 ], [ 4.9328157, 51.6506977 ], [ 4.9250324, 51.6730093 ], [ 4.9331694, 51.67675 ], [ 4.953732, 51.6707691 ], [ 4.9578967, 51.6515319 ], [ 4.9872669, 51.6546089 ] ] ] ] } },
{ "type": "Feature", "properties": { "id": 209, "code": "GM0770", "areaname": "Eersel", "area_large": 83223327.549828872, "area_small": 83223327.549828872, "surface_in_emp": 1.0, "in_empire": 1.0, "distance_from_border": 50675.891231519447 }, "geometry": { "type": "MultiPolygon", "coordinates": [ [ [ [ 5.3694465, 51.4653166 ], [ 5.3567184, 51.4535977 ], [ 5.3569169, 51.4382035 ], [ 5.3398422, 51.4255579 ], [ 5.3193714, 51.4237953 ], [ 5.3236643, 51.4061872 ], [ 5.3543792, 51.4087727 ], [ 5.388907, 51.3764601 ], [ 5.3457739, 51.3575171 ], [ 5.3471213, 51.3374532 ], [ 5.2921737, 51.3182375 ], [ 5.2634106, 51.3192818 ], [ 5.2859725, 51.3363389 ], [ 5.2752988, 51.362723 ], [ 5.289415, 51.3889227 ], [ 5.3108659, 51.390715 ], [ 5.3072952, 51.4061143 ], [ 5.2814267, 51.4049947 ], [ 5.2377047, 51.4285589 ], [ 5.2483961, 51.445631 ], [ 5.2980683, 51.4546258 ], [ 5.334728, 51.4658748 ], [ 5.3694465, 51.4653166 ] ] ] ] } },
{ "type": "Feature", "properties": { "id": 210, "code": "GM0772", "areaname": "Eindhoven", "area_large": 91276706.322303131, "area_small": 91276706.322303131, "surface_in_emp": 1.0, "in_empire": 1.0, "distance_from_border": 40800.52319708607 }, "geometry": { "type": "MultiPolygon", "coordinates": [ [ [ [ 5.5114241, 51.4969222 ], [ 5.5090417, 51.4694262 ], [ 5.5298401, 51.4586986 ], [ 5.548679, 51.4346773 ], [ 5.5251783, 51.427898 ], [ 5.5258149, 51.4046971 ], [ 5.5048739, 51.4001548 ], [ 5.499851, 51.4038577 ], [ 5.4272767, 51.4026536 ], [ 5.4263314, 51.4304075 ], [ 5.3873744, 51.4378016 ], [ 5.3569169, 51.4382035 ], [ 5.3567184, 51.4535977 ], [ 5.3694465, 51.4653166 ], [ 5.3911869, 51.4717564 ], [ 5.3954378, 51.4831965 ], [ 5.4425706, 51.4939272 ], [ 5.5114241, 51.4969222 ] ] ] ] } },
{ "type": "Feature", "properties": { "id": 211, "code": "GM0777", "areaname": "Etten-Leur", "area_large": 55559251.445923328, "area_small": 55559251.445923328, "surface_in_emp": 1.0, "in_empire": 1.0, "distance_from_border": 82132.709142370921 }, "geometry": { "type": "MultiPolygon", "coordinates": [ [ [ [ 4.6941868, 51.5448484 ], [ 4.6523845, 51.5219266 ], [ 4.638716, 51.5244127 ], [ 4.6247957, 51.5523856 ], [ 4.5917613, 51.5610316 ], [ 4.5968045, 51.5903484 ], [ 4.6138916, 51.608038 ], [ 4.6012332, 51.6252389 ], [ 4.6292061, 51.6240483 ], [ 4.6650716, 51.6343192 ], [ 4.6579845, 51.6204527 ], [ 4.6638719, 51.6040687 ], [ 4.6821062, 51.5988934 ], [ 4.6937158, 51.5679524 ], [ 4.6941868, 51.5448484 ] ] ] ] } },
{ "type": "Feature", "properties": { "id": 212, "code": "GM0779", "areaname": "Geertruidenberg", "area_large": 30505139.637477875, "area_small": 30505139.637477875, "surface_in_emp": 1.0, "in_empire": 1.0, "distance_from_border": 67274.379639472536 }, "geometry": { "type": "MultiPolygon", "coordinates": [ [ [ [ 4.9179912, 51.7199594 ], [ 4.9331694, 51.67675 ], [ 4.9250324, 51.6730093 ], [ 4.8805005, 51.6742079 ], [ 4.8423679, 51.679654 ], [ 4.8236104, 51.7112882 ], [ 4.8369047, 51.7126119 ], [ 4.8730549, 51.7199983 ], [ 4.9179912, 51.7199594 ] ] ] ] } },
{ "type": "Feature", "properties": { "id": 213, "code": "GM0784", "areaname": "Gilze en Rijen", "area_large": 62456682.653243333, "area_small": 62456682.653243333, "surface_in_emp": 1.0, "in_empire": 1.0, "distance_from_border": 69900.421008137477 }, "geometry": { "type": "MultiPolygon", "coordinates": [ [ [ [ 4.9478464, 51.6111703 ], [ 4.9687368, 51.6020575 ], [ 4.9689903, 51.5713048 ], [ 4.9511453, 51.5609175 ], [ 4.953479, 51.5505283 ], [ 4.9754601, 51.5401329 ], [ 4.9625727, 51.5258644 ], [ 4.9566436, 51.5186766 ], [ 4.9110628, 51.5100813 ], [ 4.8662324, 51.5380666 ], [ 4.862985, 51.5572696 ], [ 4.8642385, 51.5790889 ], [ 4.9137859, 51.5980905 ], [ 4.9118817, 51.6153993 ], [ 4.9478464, 51.6111703 ] ] ] ] } },
{ "type": "Feature", "properties": { "id": 214, "code": "GM0785", "areaname": "Goirle", "area_large": 43749209.526099563, "area_small": 43749209.526099563, "surface_in_emp": 1.0, "in_empire": 1.0, "distance_from_border": 62559.417713154544 }, "geometry": { "type": "MultiPolygon", "coordinates": [ [ [ [ 5.1098206, 51.5393832 ], [ 5.0881869, 51.5112975 ], [ 5.0515803, 51.487132 ], [ 5.0497408, 51.4711081 ], [ 5.0391724, 51.479775 ], [ 5.0165225, 51.4754392 ], [ 4.9879933, 51.4830447 ], [ 4.9922984, 51.5122476 ], [ 4.9625727, 51.5258644 ], [ 4.9754601, 51.5401329 ], [ 5.0224998, 51.5384596 ], [ 5.030501, 51.5295072 ], [ 5.0603229, 51.5378692 ], [ 5.0964746, 51.5349668 ], [ 5.1098206, 51.5393832 ] ] ] ] } },
{ "type": "Feature", "properties": { "id": 215, "code": "GM0786", "areaname": "Grave", "area_large": 30034134.444568634, "area_small": 30034134.444568634, "surface_in_emp": 1.0, "in_empire": 1.0, "distance_from_border": 10710.490107979358 }, "geometry": { "type": "MultiPolygon", "coordinates": [ [ [ [ 5.7905343, 51.7535091 ], [ 5.7997489, 51.7343657 ], [ 5.79244, 51.7205588 ], [ 5.7518787, 51.7210551 ], [ 5.7131391, 51.7264151 ], [ 5.6981163, 51.7385073 ], [ 5.6908582, 51.7591307 ], [ 5.7112299, 51.7750339 ], [ 5.7297454, 51.772851 ], [ 5.7452386, 51.7591445 ], [ 5.7905343, 51.7535091 ] ] ] ] } },
{ "type": "Feature", "properties": { "id": 216, "code": "GM0794", "areaname": "Helmond", "area_large": 56369185.199306786, "area_small": 56369185.199306786, "surface_in_emp": 1.0, "in_empire": 1.0, "distance_from_border": 29495.595763101956 }, "geometry": { "type": "MultiPolygon", "coordinates": [ [ [ [ 5.684144, 51.5077 ], [ 5.7081815, 51.5018276 ], [ 5.7076929, 51.4992245 ], [ 5.7217177, 51.4851315 ], [ 5.736091, 51.4719274 ], [ 5.7173474, 51.4655302 ], [ 5.7300015, 51.4443557 ], [ 5.7182455, 51.4387336 ], [ 5.6939835, 51.4392398 ], [ 5.6722376, 51.4577148 ], [ 5.6564682, 51.4565596 ], [ 5.6172953, 51.4492871 ], [ 5.5847085, 51.460509 ], [ 5.6052022, 51.4709856 ], [ 5.5857843, 51.479312 ], [ 5.5767299, 51.4994532 ], [ 5.6096538, 51.5092173 ], [ 5.6348222, 51.4948832 ], [ 5.6564037, 51.5073093 ], [ 5.684144, 51.5077 ] ] ] ] } },
{ "type": "Feature", "properties": { "id": 217, "code": "GM0796", "areaname": "'s-Hertogenbosch", "area_large": 119302803.82636213, "area_small": 119302803.82636213, "surface_in_emp": 1.0, "in_empire": 1.0, "distance_from_border": 32598.167006580803 }, "geometry": { "type": "MultiPolygon", "coordinates": [ [ [ [ 5.4742443, 51.7289647 ], [ 5.4847852, 51.7133081 ], [ 5.4698498, 51.6891367 ], [ 5.4568727, 51.6875908 ], [ 5.4298083, 51.7014787 ], [ 5.3662159, 51.6969676 ], [ 5.3724665, 51.6801086 ], [ 5.3388832, 51.6639966 ], [ 5.3190574, 51.6703721 ], [ 5.2988132, 51.6672999 ], [ 5.2880292, 51.6822373 ], [ 5.2478221, 51.6835106 ], [ 5.2261578, 51.6900308 ], [ 5.2483836, 51.6950026 ], [ 5.2299774, 51.7105696 ], [ 5.2310633, 51.7240162 ], [ 5.2064942, 51.7414772 ], [ 5.2446785, 51.7344212 ], [ 5.283285, 51.7397768 ], [ 5.2959967, 51.7367179 ], [ 5.3535144, 51.7554773 ], [ 5.4388164, 51.7650303 ], [ 5.4631879, 51.7258663 ], [ 5.4742443, 51.7289647 ] ] ] ] } },
{ "type": "Feature", "properties": { "id": 218, "code": "GM0797", "areaname": "Heusden", "area_large": 80579491.918832064, "area_small": 80579491.918832064, "surface_in_emp": 1.0, "in_empire": 1.0, "distance_from_border": 49066.9838557978 }, "geometry": { "type": "MultiPolygon", "coordinates": [ [ [ [ 5.1856998, 51.7419176 ], [ 5.2064942, 51.7414772 ], [ 5.2310633, 51.7240162 ], [ 5.2299774, 51.7105696 ], [ 5.2483836, 51.6950026 ], [ 5.2261578, 51.6900308 ], [ 5.2232276, 51.673782 ], [ 5.1667981, 51.6690474 ], [ 5.1544519, 51.6549191 ], [ 5.1600657, 51.6395357 ], [ 5.106137, 51.6359558 ], [ 5.1015094, 51.6768347 ], [ 5.1087205, 51.7090327 ], [ 5.0817602, 51.7223444 ], [ 5.1280547, 51.7376071 ], [ 5.1856998, 51.7419176 ] ] ] ] } },
{ "type": "Feature", "properties": { "id": 219, "code": "GM0798", "areaname": "Hilvarenbeek", "area_large": 97169389.187169194, "area_small": 97169389.187169194, "surface_in_emp": 1.0, "in_empire": 1.0, "distance_from_border": 54977.066331885129 }, "geometry": { "type": "MultiPolygon", "coordinates": [ [ [ [ 5.1301961, 51.5302979 ], [ 5.1702072, 51.5111353 ], [ 5.1901385, 51.5074087 ], [ 5.2244348, 51.5171485 ], [ 5.2512498, 51.5096308 ], [ 5.2284439, 51.4987 ], [ 5.220435, 51.4728795 ], [ 5.2097303, 51.4656131 ], [ 5.19102, 51.4302158 ], [ 5.1020206, 51.4289227 ], [ 5.0785643, 51.4714445 ], [ 5.0497408, 51.4711081 ], [ 5.0515803, 51.487132 ], [ 5.0881869, 51.5112975 ], [ 5.1098206, 51.5393832 ], [ 5.1301961, 51.5302979 ] ] ] ] } },
{ "type": "Feature", "properties": { "id": 220, "code": "GM0809", "areaname": "Loon op Zand", "area_large": 50948093.832178593, "area_small": 50948093.832178593, "surface_in_emp": 1.0, "in_empire": 1.0, "distance_from_border": 59398.777429810943 }, "geometry": { "type": "MultiPolygon", "coordinates": [ [ [ [ 5.106137, 51.6359558 ], [ 5.0937453, 51.6112493 ], [ 5.0044921, 51.6078868 ], [ 4.9872669, 51.6546089 ], [ 4.9922463, 51.6762509 ], [ 5.0483085, 51.6618168 ], [ 5.0606215, 51.6711132 ], [ 5.1015094, 51.6768347 ], [ 5.106137, 51.6359558 ] ] ] ] } },
{ "type": "Feature", "properties": { "id": 221, "code": "GM0815", "areaname": "Mill en Sint Hubert", "area_large": 54390938.452425957, "area_small": 54390938.452425957, "surface_in_emp": 1.0, "in_empire": 1.0, "distance_from_border": 10030.984468560024 }, "geometry": { "type": "MultiPolygon", "coordinates": [ [ [ [ 5.7131391, 51.7264151 ], [ 5.7518787, 51.7210551 ], [ 5.79244, 51.7205588 ], [ 5.8053386, 51.7005113 ], [ 5.8225639, 51.6995016 ], [ 5.842805, 51.6799703 ], [ 5.7903503, 51.6499376 ], [ 5.7476761, 51.632668 ], [ 5.7425463, 51.6500617 ], [ 5.7343591, 51.677622 ], [ 5.6999602, 51.7114516 ], [ 5.7131391, 51.7264151 ] ] ] ] } },
{ "type": "Feature", "properties": { "id": 222, "code": "GM0820", "areaname": "Nuenen, Gerwen en Nederwetten", "area_large": 35138572.977557898, "area_small": 35138572.977557898, "surface_in_emp": 1.0, "in_empire": 1.0, "distance_from_border": 35969.439779842949 }, "geometry": { "type": "MultiPolygon", "coordinates": [ [ [ [ 5.5767299, 51.4994532 ], [ 5.5857843, 51.479312 ], [ 5.6052022, 51.4709856 ], [ 5.5847085, 51.460509 ], [ 5.5661266, 51.441566 ], [ 5.548679, 51.4346773 ], [ 5.5298401, 51.4586986 ], [ 5.5090417, 51.4694262 ], [ 5.5114241, 51.4969222 ], [ 5.5462728, 51.5126957 ], [ 5.5308636, 51.5250487 ], [ 5.5474373, 51.537732 ], [ 5.5576524, 51.5093697 ], [ 5.5767299, 51.4994532 ] ] ] ] } },
{ "type": "Feature", "properties": { "id": 223, "code": "GM0823", "areaname": "Oirschot", "area_large": 101908637.23935616, "area_small": 101908637.23935616, "surface_in_emp": 1.0, "in_empire": 1.0, "distance_from_border": 46670.068028869275 }, "geometry": { "type": "MultiPolygon", "coordinates": [ [ [ [ 5.3569108, 51.5447166 ], [ 5.3494863, 51.5171684 ], [ 5.3558874, 51.4961068 ], [ 5.3905185, 51.4851543 ], [ 5.3911869, 51.4717564 ], [ 5.3694465, 51.4653166 ], [ 5.334728, 51.4658748 ], [ 5.2980683, 51.4546258 ], [ 5.2483961, 51.445631 ], [ 5.2377047, 51.4285589 ], [ 5.2066761, 51.4346955 ], [ 5.19102, 51.4302158 ], [ 5.2097303, 51.4656131 ], [ 5.220435, 51.4728795 ], [ 5.2284439, 51.4987 ], [ 5.2512498, 51.5096308 ], [ 5.2244348, 51.5171485 ], [ 5.2440068, 51.5257506 ], [ 5.2533307, 51.5403327 ], [ 5.2732709, 51.5528208 ], [ 5.3083956, 51.5459798 ], [ 5.3331359, 51.5511084 ], [ 5.3569108, 51.5447166 ] ] ] ] } },
{ "type": "Feature", "properties": { "id": 224, "code": "GM0824", "areaname": "Oisterwijk", "area_large": 81606280.802485466, "area_small": 81606280.802485466, "surface_in_emp": 1.0, "in_empire": 1.0, "distance_from_border": 49304.881308500502 }, "geometry": { "type": "MultiPolygon", "coordinates": [ [ [ [ 5.2688207, 51.6125378 ], [ 5.2756645, 51.6044055 ], [ 5.2476435, 51.5896167 ], [ 5.2461777, 51.5794781 ], [ 5.2732709, 51.5528208 ], [ 5.2533307, 51.5403327 ], [ 5.2440068, 51.5257506 ], [ 5.2244348, 51.5171485 ], [ 5.1901385, 51.5074087 ], [ 5.1702072, 51.5111353 ], [ 5.1301961, 51.5302979 ], [ 5.1418809, 51.5420921 ], [ 5.137355, 51.5625809 ], [ 5.1510757, 51.5803254 ], [ 5.2107114, 51.6155884 ], [ 5.2554996, 51.6249284 ], [ 5.2688207, 51.6125378 ] ] ] ] } },
{ "type": "Feature", "properties": { "id": 225, "code": "GM0826", "areaname": "Oosterhout", "area_large": 70891949.87843442, "area_small": 70891949.87843442, "surface_in_emp": 1.0, "in_empire": 1.0, "distance_from_border": 71354.732775591983 }, "geometry": { "type": "MultiPolygon", "coordinates": [ [ [ [ 4.9250324, 51.6730093 ], [ 4.9328157, 51.6506977 ], [ 4.9100281, 51.6294601 ], [ 4.9118817, 51.6153993 ], [ 4.9137859, 51.5980905 ], [ 4.8642385, 51.5790889 ], [ 4.8426218, 51.5858293 ], [ 4.8426831, 51.6169859 ], [ 4.8182731, 51.6316156 ], [ 4.7875059, 51.637048 ], [ 4.7810809, 51.6638856 ], [ 4.8423679, 51.679654 ], [ 4.8805005, 51.6742079 ], [ 4.9250324, 51.6730093 ] ] ] ] } },
{ "type": "Feature", "properties": { "id": 226, "code": "GM0828", "areaname": "Oss", "area_large": 169098505.74508262, "area_small": 169098505.74508262, "surface_in_emp": 1.0, "in_empire": 1.0, "distance_from_border": 16980.287779587616 }, "geometry": { "type": "MultiPolygon", "coordinates": [ [ [ [ 5.5979766, 51.8280494 ], [ 5.6352147, 51.8195437 ], [ 5.6574938, 51.7980301 ], [ 5.6937162, 51.787741 ], [ 5.7112299, 51.7750339 ], [ 5.6908582, 51.7591307 ], [ 5.6486036, 51.7641425 ], [ 5.5763854, 51.7448914 ], [ 5.5808812, 51.7314481 ], [ 5.5291386, 51.7404403 ], [ 5.5099376, 51.7373421 ], [ 5.508995, 51.7371788 ], [ 5.4742443, 51.7289647 ], [ 5.4631879, 51.7258663 ], [ 5.4388164, 51.7650303 ], [ 5.3535144, 51.7554773 ], [ 5.3690389, 51.7898162 ], [ 5.4017063, 51.8208928 ], [ 5.4148854, 51.8212902 ], [ 5.4394039, 51.8097095 ], [ 5.4742146, 51.8146414 ], [ 5.4858486, 51.829409 ], [ 5.5409298, 51.8163076 ], [ 5.5581584, 51.8275267 ], [ 5.5979766, 51.8280494 ] ] ] ] } },
{ "type": "Feature", "properties": { "id": 227, "code": "GM0840", "areaname": "Rucphen", "area_large": 65575616.471546888, "area_small": 65575616.471546888, "surface_in_emp": 1.0, "in_empire": 1.0, "distance_from_border": 91467.263653818023 }, "geometry": { "type": "MultiPolygon", "coordinates": [ [ [ [ 4.5917613, 51.5610316 ], [ 4.6247957, 51.5523856 ], [ 4.638716, 51.5244127 ], [ 4.5897312, 51.4967374 ], [ 4.5561008, 51.4856343 ], [ 4.5481608, 51.4733126 ], [ 4.5381845, 51.4823977 ], [ 4.4866816, 51.4773528 ], [ 4.5021795, 51.5167235 ], [ 4.5143322, 51.5178955 ], [ 4.5231916, 51.5425568 ], [ 4.4988306, 51.5447851 ], [ 4.5002042, 51.5585363 ], [ 4.50945, 51.5685587 ], [ 4.5366163, 51.5657763 ], [ 4.5334827, 51.5492695 ], [ 4.5917613, 51.5610316 ] ] ] ] } },
{ "type": "Feature", "properties": { "id": 228, "code": "GM0845", "areaname": "Sint-Michielsgestel", "area_large": 56319716.010494351, "area_small": 56319716.010494351, "surface_in_emp": 1.0, "in_empire": 1.0, "distance_from_border": 34895.305010768447 }, "geometry": { "type": "MultiPolygon", "coordinates": [ [ [ [ 5.4568727, 51.6875908 ], [ 5.4450425, 51.664279 ], [ 5.4233898, 51.6537831 ], [ 5.3795921, 51.6441516 ], [ 5.3749978, 51.6336934 ], [ 5.3948563, 51.605842 ], [ 5.3805288, 51.6029019 ], [ 5.352929, 51.6006906 ], [ 5.3431774, 51.6168678 ], [ 5.3177319, 51.6346339 ], [ 5.3191503, 51.6499749 ], [ 5.3039712, 51.6655484 ], [ 5.3190574, 51.6703721 ], [ 5.3388832, 51.6639966 ], [ 5.3724665, 51.6801086 ], [ 5.3662159, 51.6969676 ], [ 5.4298083, 51.7014787 ], [ 5.4568727, 51.6875908 ] ] ] ] } },
{ "type": "Feature", "properties": { "id": 229, "code": "GM0847", "areaname": "Someren", "area_large": 82081147.192723691, "area_small": 82081147.192723691, "surface_in_emp": 1.0, "in_empire": 1.0, "distance_from_border": 33950.56354094798 }, "geometry": { "type": "MultiPolygon", "coordinates": [ [ [ [ 5.6939835, 51.4392398 ], [ 5.7052454, 51.4096642 ], [ 5.7337241, 51.3918729 ], [ 5.7704486, 51.3338046 ], [ 5.6721108, 51.315094 ], [ 5.6547072, 51.3538773 ], [ 5.6389418, 51.3891237 ], [ 5.6390155, 51.4224565 ], [ 5.6564682, 51.4565596 ], [ 5.6722376, 51.4577148 ], [ 5.6939835, 51.4392398 ] ] ] ] } },
{ "type": "Feature", "properties": { "id": 230, "code": "GM0848", "areaname": "Son en Breugel", "area_large": 26516143.815989017, "area_small": 26516143.815989017, "surface_in_emp": 1.0, "in_empire": 1.0, "distance_from_border": 37749.762933541075 }, "geometry": { "type": "MultiPolygon", "coordinates": [ [ [ [ 5.5308636, 51.5250487 ], [ 5.5462728, 51.5126957 ], [ 5.5114241, 51.4969222 ], [ 5.4425706, 51.4939272 ], [ 5.4475077, 51.512069 ], [ 5.4238428, 51.5340551 ], [ 5.4871457, 51.5418484 ], [ 5.5001089, 51.5213771 ], [ 5.5308636, 51.5250487 ] ] ] ] } },
{ "type": "Feature", "properties": { "id": 231, "code": "GM0851", "areaname": "Steenbergen", "area_large": 150557106.49883246, "area_small": 3913444.9501638841, "surface_in_emp": 0.025993093525573514, "in_empire": 0.0, "distance_from_border": 88447.377965208143 }, "geometry": { "type": "MultiPolygon", "coordinates": [ [ [ [ 4.4378279, 51.6171192 ], [ 4.4266748, 51.6117402 ], [ 4.432926, 51.5827972 ], [ 4.4439992, 51.5690954 ], [ 4.4410782, 51.5584916 ], [ 4.3780904, 51.5443147 ], [ 4.3179776, 51.5512158 ], [ 4.2520267, 51.5706577 ], [ 4.2361189, 51.5503658 ], [ 4.2281211, 51.5637163 ], [ 4.1922315, 51.5939016 ], [ 4.1916849, 51.609337 ], [ 4.2144666, 51.627664 ], [ 4.2373237, 51.6340144 ], [ 4.3174458, 51.6462776 ], [ 4.3763971, 51.6519333 ], [ 4.4378279, 51.6171192 ] ] ] ] } },
{ "type": "Feature", "properties": { "id": 231, "code": "GM0851", "areaname": "Steenbergen", "area_large": 150557106.49883246, "area_small": 93626981.109259307, "surface_in_emp": 0.62187022111762869, "in_empire": 1.0, "distance_from_border": 88447.377965208143 }, "geometry": { "type": "MultiPolygon", "coordinates": [ [ [ [ 4.4378279, 51.6171192 ], [ 4.4266748, 51.6117402 ], [ 4.432926, 51.5827972 ], [ 4.4439992, 51.5690954 ], [ 4.4410782, 51.5584916 ], [ 4.3780904, 51.5443147 ], [ 4.3179776, 51.5512158 ], [ 4.2520267, 51.5706577 ], [ 4.2361189, 51.5503658 ], [ 4.2281211, 51.5637163 ], [ 4.1922315, 51.5939016 ], [ 4.1916849, 51.609337 ], [ 4.2144666, 51.627664 ], [ 4.2373237, 51.6340144 ], [ 4.3174458, 51.6462776 ], [ 4.3763971, 51.6519333 ], [ 4.4378279, 51.6171192 ] ] ] ] } },
{ "type": "Feature", "properties": { "id": 232, "code": "GM0852", "areaname": "Waterland", "area_large": 52734765.70383203, "area_small": 3047809.1732211113, "surface_in_emp": 0.057795064271986302, "in_empire": 0.0, "distance_from_border": 0.0 }, "geometry": { "type": "MultiPolygon", "coordinates": [ [ [ [ 4.9979644, 52.4947328 ], [ 5.0246112, 52.4849255 ], [ 5.0594814, 52.4856145 ], [ 5.0619049, 52.467705 ], [ 5.048465, 52.4551003 ], [ 5.0494162, 52.439359 ], [ 5.0780612, 52.436558 ], [ 5.0682635, 52.4165581 ], [ 5.0491771, 52.4151293 ], [ 5.0002921, 52.4254069 ], [ 4.9477886, 52.4215622 ], [ 4.9508613, 52.4371407 ], [ 4.9483163, 52.4840048 ], [ 4.9740101, 52.4704044 ], [ 4.9979644, 52.4947328 ] ] ] ] } },
{ "type": "Feature", "properties": { "id": 233, "code": "GM0855", "areaname": "Tilburg", "area_large": 130572675.47074041, "area_small": 130572675.47074041, "surface_in_emp": 1.0, "in_empire": 1.0, "distance_from_border": 53267.989176622286 }, "geometry": { "type": "MultiPolygon", "coordinates": [ [ [ [ 5.2107114, 51.6155884 ], [ 5.1510757, 51.5803254 ], [ 5.137355, 51.5625809 ], [ 5.1418809, 51.5420921 ], [ 5.1301961, 51.5302979 ], [ 5.1098206, 51.5393832 ], [ 5.0964746, 51.5349668 ], [ 5.0603229, 51.5378692 ], [ 5.030501, 51.5295072 ], [ 5.0224998, 51.5384596 ], [ 4.9754601, 51.5401329 ], [ 4.953479, 51.5505283 ], [ 4.9511453, 51.5609175 ], [ 4.9689903, 51.5713048 ], [ 4.9687368, 51.6020575 ], [ 4.9478464, 51.6111703 ], [ 5.0044921, 51.6078868 ], [ 5.0937453, 51.6112493 ], [ 5.106137, 51.6359558 ], [ 5.1600657, 51.6395357 ], [ 5.1918213, 51.6394773 ], [ 5.2107114, 51.6155884 ] ] ] ] } },
{ "type": "Feature", "properties": { "id": 234, "code": "GM0856", "areaname": "Uden", "area_large": 68117767.029227063, "area_small": 68117767.029227063, "surface_in_emp": 1.0, "in_empire": 1.0, "distance_from_border": 17039.612558651061 }, "geometry": { "type": "MultiPolygon", "coordinates": [ [ [ [ 5.7425463, 51.6500617 ], [ 5.7476761, 51.632668 ], [ 5.7504782, 51.6226834 ], [ 5.6649247, 51.6283394 ], [ 5.6265685, 51.623401 ], [ 5.5703003, 51.6514343 ], [ 5.5622397, 51.6631523 ], [ 5.5764126, 51.6799716 ], [ 5.5968375, 51.6909226 ], [ 5.5970406, 51.7019875 ], [ 5.6225802, 51.6990944 ], [ 5.6786693, 51.6649427 ], [ 5.7313483, 51.6739354 ], [ 5.7425463, 51.6500617 ] ] ] ] } },
{ "type": "Feature", "properties": { "id": 235, "code": "GM0858", "areaname": "Valkenswaard", "area_large": 59262343.692002177, "area_small": 59262343.692002177, "surface_in_emp": 1.0, "in_empire": 1.0, "distance_from_border": 47980.409262405738 }, "geometry": { "type": "MultiPolygon", "coordinates": [ [ [ [ 5.5164176, 51.3783355 ], [ 5.5271805, 51.3669411 ], [ 5.4941441, 51.3554868 ], [ 5.4960302, 51.3465078 ], [ 5.4736035, 51.3339831 ], [ 5.4913719, 51.3142223 ], [ 5.4848593, 51.2999999 ], [ 5.4648362, 51.2845653 ], [ 5.4417815, 51.2821059 ], [ 5.4174115, 51.2622857 ], [ 5.3878036, 51.2852389 ], [ 5.3944596, 51.3089942 ], [ 5.4242907, 51.3307599 ], [ 5.4197034, 51.3592501 ], [ 5.4232074, 51.3748664 ], [ 5.4392215, 51.3662524 ], [ 5.5164176, 51.3783355 ] ] ] ] } },
{ "type": "Feature", "properties": { "id": 236, "code": "GM0861", "areaname": "Veldhoven", "area_large": 32588609.290383697, "area_small": 32588609.290383697, "surface_in_emp": 1.0, "in_empire": 1.0, "distance_from_border": 50120.081959485098 }, "geometry": { "type": "MultiPolygon", "coordinates": [ [ [ [ 5.4272767, 51.4026536 ], [ 5.4218012, 51.3834099 ], [ 5.388907, 51.3764601 ], [ 5.3543792, 51.4087727 ], [ 5.3236643, 51.4061872 ], [ 5.3193714, 51.4237953 ], [ 5.3398422, 51.4255579 ], [ 5.3569169, 51.4382035 ], [ 5.3873744, 51.4378016 ], [ 5.4263314, 51.4304075 ], [ 5.4272767, 51.4026536 ] ] ] ] } },
{ "type": "Feature", "properties": { "id": 237, "code": "GM0865", "areaname": "Vught", "area_large": 60663450.280186772, "area_small": 60663450.280186772, "surface_in_emp": 1.0, "in_empire": 1.0, "distance_from_border": 44614.4074000001 }, "geometry": { "type": "MultiPolygon", "coordinates": [ [ [ [ 5.3190574, 51.6703721 ], [ 5.3039712, 51.6655484 ], [ 5.3191503, 51.6499749 ], [ 5.3177319, 51.6346339 ], [ 5.3043327, 51.6249238 ], [ 5.2805673, 51.6222539 ], [ 5.2688207, 51.6125378 ], [ 5.2554996, 51.6249284 ], [ 5.2107114, 51.6155884 ], [ 5.1918213, 51.6394773 ], [ 5.1600657, 51.6395357 ], [ 5.1544519, 51.6549191 ], [ 5.1667981, 51.6690474 ], [ 5.2232276, 51.673782 ], [ 5.2261578, 51.6900308 ], [ 5.2478221, 51.6835106 ], [ 5.2880292, 51.6822373 ], [ 5.2988132, 51.6672999 ], [ 5.3190574, 51.6703721 ] ] ] ] } },
{ "type": "Feature", "properties": { "id": 238, "code": "GM0866", "areaname": "Waalre", "area_large": 21093448.952079773, "area_small": 21093448.952079773, "surface_in_emp": 1.0, "in_empire": 1.0, "distance_from_border": 47383.424103066733 }, "geometry": { "type": "MultiPolygon", "coordinates": [ [ [ [ 5.5048739, 51.4001548 ], [ 5.5164176, 51.3783355 ], [ 5.4392215, 51.3662524 ], [ 5.4232074, 51.3748664 ], [ 5.4218012, 51.3834099 ], [ 5.4272767, 51.4026536 ], [ 5.499851, 51.4038577 ], [ 5.5048739, 51.4001548 ] ] ] ] } },
{ "type": "Feature", "properties": { "id": 239, "code": "GM0867", "areaname": "Waalwijk", "area_large": 67349198.31794548, "area_small": 67349198.31794548, "surface_in_emp": 1.0, "in_empire": 1.0, "distance_from_border": 58514.127312169876 }, "geometry": { "type": "MultiPolygon", "coordinates": [ [ [ [ 5.0817602, 51.7223444 ], [ 5.1087205, 51.7090327 ], [ 5.1015094, 51.6768347 ], [ 5.0606215, 51.6711132 ], [ 5.0483085, 51.6618168 ], [ 4.9922463, 51.6762509 ], [ 4.9872669, 51.6546089 ], [ 4.9578967, 51.6515319 ], [ 4.953732, 51.6707691 ], [ 4.9331694, 51.67675 ], [ 4.9179912, 51.7199594 ], [ 4.9584842, 51.722629 ], [ 5.0094524, 51.7128194 ], [ 5.0536298, 51.7118178 ], [ 5.0817602, 51.7223444 ] ] ] ] } },
{ "type": "Feature", "properties": { "id": 240, "code": "GM0873", "areaname": "Woensdrecht", "area_large": 90450887.379696131, "area_small": 90450887.379696131, "surface_in_emp": 1.0, "in_empire": 1.0, "distance_from_border": 107902.98833072852 }, "geometry": { "type": "MultiPolygon", "coordinates": [ [ [ [ 4.3669659, 51.4567189 ], [ 4.3910832, 51.4514873 ], [ 4.391611, 51.4081718 ], [ 4.4316917, 51.375049 ], [ 4.4218537, 51.3652305 ], [ 4.3845433, 51.3543519 ], [ 4.3413538, 51.3575632 ], [ 4.3345051, 51.3776412 ], [ 4.2774246, 51.3760352 ], [ 4.268382, 51.3835459 ], [ 4.2637323, 51.4164491 ], [ 4.2758516, 51.4250494 ], [ 4.2654318, 51.4396807 ], [ 4.2831733, 51.439667 ], [ 4.3111666, 51.4601733 ], [ 4.3669659, 51.4567189 ] ] ] ] } },
{ "type": "Feature", "properties": { "id": 241, "code": "GM0879", "areaname": "Zundert", "area_large": 120440291.03182101, "area_small": 120440291.03182101, "surface_in_emp": 1.0, "in_empire": 1.0, "distance_from_border": 87106.699964354993 }, "geometry": { "type": "MultiPolygon", "coordinates": [ [ [ [ 4.7339966, 51.4855482 ], [ 4.6930969, 51.4517299 ], [ 4.6666163, 51.4442375 ], [ 4.6696896, 51.4263626 ], [ 4.6300945, 51.4259169 ], [ 4.5747282, 51.4328485 ], [ 4.5354088, 51.4230296 ], [ 4.5298965, 51.4495205 ], [ 4.5481608, 51.4733126 ], [ 4.5561008, 51.4856343 ], [ 4.5897312, 51.4967374 ], [ 4.638716, 51.5244127 ], [ 4.6523845, 51.5219266 ], [ 4.6941868, 51.5448484 ], [ 4.7039968, 51.5497985 ], [ 4.7418016, 51.5310964 ], [ 4.7421577, 51.5056314 ], [ 4.7339966, 51.4855482 ] ] ] ] } },
{ "type": "Feature", "properties": { "id": 242, "code": "GM0880", "areaname": "Wormerland", "area_large": 43642104.570264816, "area_small": 1497754.2219029758, "surface_in_emp": 0.03431901913647533, "in_empire": 0.0, "distance_from_border": 0.0 }, "geometry": { "type": "MultiPolygon", "coordinates": [ [ [ [ 4.9343521, 52.5116406 ], [ 4.9206509, 52.4904345 ], [ 4.9064696, 52.4798265 ], [ 4.8525049, 52.4703671 ], [ 4.8369247, 52.479876 ], [ 4.7988429, 52.4911053 ], [ 4.7898609, 52.5192359 ], [ 4.8339104, 52.5389603 ], [ 4.8497973, 52.5250395 ], [ 4.9343521, 52.5116406 ] ] ] ] } },
{ "type": "Feature", "properties": { "id": 243, "code": "GM0882", "areaname": "Landgraaf", "area_large": 24494649.526037693, "area_small": 24494649.526037693, "surface_in_emp": 1.0, "in_empire": 1.0, "distance_from_border": 75731.265549878473 }, "geometry": { "type": "MultiPolygon", "coordinates": [ [ [ [ 6.0798133, 50.9057703 ], [ 6.0428971, 50.9004086 ], [ 6.0311399, 50.8715873 ], [ 6.0171417, 50.8704667 ], [ 5.9966093, 50.8925217 ], [ 5.9934315, 50.9100497 ], [ 6.0116963, 50.9264395 ], [ 6.0182017, 50.9347014 ], [ 6.0821274, 50.9215412 ], [ 6.0798133, 50.9057703 ] ] ] ] } },
{ "type": "Feature", "properties": { "id": 244, "code": "GM0888", "areaname": "Beek", "area_large": 20084580.681482077, "area_small": 20084580.681482077, "surface_in_emp": 1.0, "in_empire": 1.0, "distance_from_border": 75909.542076818398 }, "geometry": { "type": "MultiPolygon", "coordinates": [ [ [ [ 5.8398916, 50.9501913 ], [ 5.856488, 50.9433171 ], [ 5.8415888, 50.9198436 ], [ 5.8017146, 50.91413 ], [ 5.774678, 50.9112845 ], [ 5.7709384, 50.9279279 ], [ 5.7881077, 50.9486063 ], [ 5.8125133, 50.954835 ], [ 5.8398916, 50.9501913 ] ] ] ] } },
{ "type": "Feature", "properties": { "id": 245, "code": "GM0889", "areaname": "Beesel", "area_large": 27938403.14883709, "area_small": 27938403.14883709, "surface_in_emp": 1.0, "in_empire": 1.0, "distance_from_border": 35190.94423769039 }, "geometry": { "type": "MultiPolygon", "coordinates": [ [ [ [ 6.1247579, 51.27755 ], [ 6.0856172, 51.2476257 ], [ 6.0726637, 51.2425601 ], [ 6.0513323, 51.2525275 ], [ 6.0383625, 51.2461037 ], [ 6.0058801, 51.258683 ], [ 6.0096118, 51.2657591 ], [ 6.0281977, 51.2680563 ], [ 6.0490582, 51.2869239 ], [ 6.0847172, 51.2974544 ], [ 6.1200577, 51.2851127 ], [ 6.1247579, 51.27755 ] ] ] ] } },
{ "type": "Feature", "properties": { "id": 246, "code": "GM0893", "areaname": "Bergen (L.)", "area_large": 110598747.68051338, "area_small": 110598747.68051338, "surface_in_emp": 1.0, "in_empire": 1.0, "distance_from_border": 0.0 }, "geometry": { "type": "MultiPolygon", "coordinates": [ [ [ [ 6.2133613, 51.5078177 ], [ 6.1691934, 51.5030817 ], [ 6.141094, 51.5195196 ], [ 6.1196826, 51.531845 ], [ 6.1119164, 51.5462549 ], [ 6.0807176, 51.546938 ], [ 6.0481207, 51.5584625 ], [ 6.0397178, 51.581616 ], [ 6.0262814, 51.5955769 ], [ 6.0199798, 51.6219211 ], [ 5.9766069, 51.6437831 ], [ 6.0153753, 51.6622423 ], [ 6.0319448, 51.6761652 ], [ 6.088309, 51.6598567 ], [ 6.1168878, 51.656534 ], [ 6.0914238, 51.6058486 ], [ 6.1214872, 51.5927389 ], [ 6.1305599, 51.5810876 ], [ 6.1570325, 51.5665755 ], [ 6.1769019, 51.5385557 ], [ 6.1999289, 51.5273814 ], [ 6.2133613, 51.5078177 ] ] ] ] } },
{ "type": "Feature", "properties": { "id": 247, "code": "GM0899", "areaname": "Brunssum", "area_large": 15902598.535807133, "area_small": 15902598.535807133, "surface_in_emp": 1.0, "in_empire": 1.0, "distance_from_border": 73186.44612465371 }, "geometry": { "type": "MultiPolygon", "coordinates": [ [ [ [ 6.0060535, 50.9575354 ], [ 6.0182017, 50.9347014 ], [ 6.0116963, 50.9264395 ], [ 5.92847, 50.9366122 ], [ 5.9360291, 50.946325 ], [ 5.9653569, 50.9609248 ], [ 6.0060535, 50.9575354 ] ] ] ] } },
{ "type": "Feature", "properties": { "id": 248, "code": "GM0907", "areaname": "Gennep", "area_large": 49347956.438712955, "area_small": 49347956.438712955, "surface_in_emp": 1.0, "in_empire": 1.0, "distance_from_border": 0.0 }, "geometry": { "type": "MultiPolygon", "coordinates": [ [ [ [ 6.0319448, 51.6761652 ], [ 6.0153753, 51.6622423 ], [ 5.9766069, 51.6437831 ], [ 5.963482, 51.6573236 ], [ 5.9645866, 51.6755733 ], [ 5.9554166, 51.7091315 ], [ 5.9337848, 51.7161404 ], [ 5.9194695, 51.7176715 ], [ 5.9382986, 51.7415931 ], [ 5.9532879, 51.7480242 ], [ 5.9551551, 51.7381176 ], [ 5.9941967, 51.7383094 ], [ 6.0449391, 51.7169134 ], [ 6.0260538, 51.7086881 ], [ 6.0319448, 51.6761652 ] ] ] ] } },
{ "type": "Feature", "properties": { "id": 249, "code": "GM0917", "areaname": "Heerlen", "area_large": 45807986.266335011, "area_small": 45807986.266335011, "surface_in_emp": 1.0, "in_empire": 1.0, "distance_from_border": 76221.941990590713 }, "geometry": { "type": "MultiPolygon", "coordinates": [ [ [ [ 6.0116963, 50.9264395 ], [ 5.9934315, 50.9100497 ], [ 5.9966093, 50.8925217 ], [ 6.0171417, 50.8704667 ], [ 6.0005684, 50.8577352 ], [ 6.0179589, 50.8438055 ], [ 6.0237229, 50.8184032 ], [ 6.0041297, 50.8376781 ], [ 5.9693623, 50.8600804 ], [ 5.923405, 50.9044057 ], [ 5.8955059, 50.920135 ], [ 5.92847, 50.9366122 ], [ 6.0116963, 50.9264395 ] ] ] ] } },
{ "type": "Feature", "properties": { "id": 250, "code": "GM0928", "areaname": "Kerkrade", "area_large": 23984384.969678402, "area_small": 23984384.969678402, "surface_in_emp": 1.0, "in_empire": 1.0, "distance_from_border": 78765.585840250453 }, "geometry": { "type": "MultiPolygon", "coordinates": [ [ [ [ 6.0179589, 50.8438055 ], [ 6.0005684, 50.8577352 ], [ 6.0171417, 50.8704667 ], [ 6.0311399, 50.8715873 ], [ 6.0428971, 50.9004086 ], [ 6.0798133, 50.9057703 ], [ 6.0751817, 50.8929527 ], [ 6.0881023, 50.8724269 ], [ 6.0741709, 50.8465379 ], [ 6.0342815, 50.8505751 ], [ 6.0179589, 50.8438055 ] ] ] ] } },
{ "type": "Feature", "properties": { "id": 251, "code": "GM0935", "areaname": "Maastricht", "area_large": 58055170.330231667, "area_small": 58055170.330231667, "surface_in_emp": 1.0, "in_empire": 1.0, "distance_from_border": 82832.656276088775 }, "geometry": { "type": "MultiPolygon", "coordinates": [ [ [ [ 5.7626604, 50.8665103 ], [ 5.7573404, 50.8552906 ], [ 5.7434838, 50.8213238 ], [ 5.693817, 50.8104497 ], [ 5.6561777, 50.8242897 ], [ 5.6392189, 50.8463338 ], [ 5.6441592, 50.8713499 ], [ 5.6825156, 50.8885243 ], [ 5.7148541, 50.9084578 ], [ 5.7330448, 50.8750616 ], [ 5.7626604, 50.8665103 ] ] ] ] } },
{ "type": "Feature", "properties": { "id": 252, "code": "GM0938", "areaname": "Meerssen", "area_large": 30067589.307365656, "area_small": 30067589.307365656, "surface_in_emp": 1.0, "in_empire": 1.0, "distance_from_border": 78453.975547673239 }, "geometry": { "type": "MultiPolygon", "coordinates": [ [ [ [ 5.7709384, 50.9279279 ], [ 5.774678, 50.9112845 ], [ 5.8017146, 50.91413 ], [ 5.7998421, 50.8856729 ], [ 5.7776629, 50.8837273 ], [ 5.7626604, 50.8665103 ], [ 5.7330448, 50.8750616 ], [ 5.7148541, 50.9084578 ], [ 5.7459926, 50.943411 ], [ 5.7709384, 50.9279279 ] ] ] ] } },
{ "type": "Feature", "properties": { "id": 253, "code": "GM0944", "areaname": "Mook en Middelaar", "area_large": 17748094.295680285, "area_small": 17748094.295680285, "surface_in_emp": 1.0, "in_empire": 1.0, "distance_from_border": 1111.4878348478442 }, "geometry": { "type": "MultiPolygon", "coordinates": [ [ [ [ 5.9382986, 51.7415931 ], [ 5.9194695, 51.7176715 ], [ 5.885404, 51.7283142 ], [ 5.8795604, 51.7499136 ], [ 5.8644688, 51.7576817 ], [ 5.8678932, 51.775521 ], [ 5.8934093, 51.7778529 ], [ 5.9151336, 51.7525366 ], [ 5.9382986, 51.7415931 ] ] ] ] } },
{ "type": "Feature", "properties": { "id": 254, "code": "GM0946", "areaname": "Nederweert", "area_large": 100597178.94886112, "area_small": 100597178.94886112, "surface_in_emp": 1.0, "in_empire": 1.0, "distance_from_border": 34574.715573337053 }, "geometry": { "type": "MultiPolygon", "coordinates": [ [ [ [ 5.79177, 51.237537 ], [ 5.7823599, 51.2473726 ], [ 5.7440975, 51.2653011 ], [ 5.7296126, 51.2811834 ], [ 5.7088736, 51.2835656 ], [ 5.6745118, 51.2770493 ], [ 5.6439967, 51.2905755 ], [ 5.6721108, 51.315094 ], [ 5.7704486, 51.3338046 ], [ 5.8401937, 51.3468771 ], [ 5.8320757, 51.3380465 ], [ 5.8521417, 51.3207023 ], [ 5.8778234, 51.3165777 ], [ 5.8607246, 51.3108024 ], [ 5.8338362, 51.2749432 ], [ 5.853441, 51.2444931 ], [ 5.79177, 51.237537 ] ] ] ] } },
{ "type": "Feature", "properties": { "id": 255, "code": "GM0957", "areaname": "Roermond", "area_large": 72898933.973313808, "area_small": 72898933.973313808, "surface_in_emp": 1.0, "in_empire": 1.0, "distance_from_border": 39983.748546736744 }, "geometry": { "type": "MultiPolygon", "coordinates": [ [ [ [ 6.0726637, 51.2425601 ], [ 6.0860248, 51.2226702 ], [ 6.0679875, 51.2205508 ], [ 6.0731414, 51.1828248 ], [ 6.0635659, 51.1655243 ], [ 6.0401149, 51.1605423 ], [ 5.9979209, 51.1681676 ], [ 5.9835666, 51.1762294 ], [ 5.9554775, 51.1590445 ], [ 5.9222406, 51.1721763 ], [ 5.9316654, 51.1899663 ], [ 5.9513253, 51.201165 ], [ 5.9800067, 51.2233348 ], [ 6.0019889, 51.2339463 ], [ 6.0058801, 51.258683 ], [ 6.0383625, 51.2461037 ], [ 6.0513323, 51.2525275 ], [ 6.0726637, 51.2425601 ] ] ] ] } },
{ "type": "Feature", "properties": { "id": 256, "code": "GM0965", "areaname": "Simpelveld", "area_large": 16161285.157328606, "area_small": 16161285.157328606, "surface_in_emp": 1.0, "in_empire": 1.0, "distance_from_border": 84301.429339585025 }, "geometry": { "type": "MultiPolygon", "coordinates": [ [ [ [ 6.0237229, 50.8184032 ], [ 6.0036926, 50.8014715 ], [ 5.9835182, 50.8097297 ], [ 5.9694187, 50.816858 ], [ 5.9548162, 50.8459241 ], [ 5.9693623, 50.8600804 ], [ 6.0041297, 50.8376781 ], [ 6.0237229, 50.8184032 ] ] ] ] } },
{ "type": "Feature", "properties": { "id": 257, "code": "GM0971", "areaname": "Stein", "area_large": 20358857.729648113, "area_small": 20358857.729648113, "surface_in_emp": 1.0, "in_empire": 1.0, "distance_from_border": 69865.481944871819 }, "geometry": { "type": "MultiPolygon", "coordinates": [ [ [ [ 5.7881077, 50.9486063 ], [ 5.7709384, 50.9279279 ], [ 5.7459926, 50.943411 ], [ 5.7420366, 50.9605601 ], [ 5.7201274, 50.9624213 ], [ 5.7660871, 50.9976879 ], [ 5.7734065, 51.0189992 ], [ 5.7881077, 50.9486063 ] ] ] ] } },
{ "type": "Feature", "properties": { "id": 258, "code": "GM0981", "areaname": "Vaals", "area_large": 23214168.880105019, "area_small": 23214168.880105019, "surface_in_emp": 1.0, "in_empire": 1.0, "distance_from_border": 90530.350810134449 }, "geometry": { "type": "MultiPolygon", "coordinates": [ [ [ [ 5.9357576, 50.7569794 ], [ 5.9420081, 50.7904791 ], [ 5.9766809, 50.80337 ], [ 6.0021594, 50.7841751 ], [ 6.027865, 50.7738335 ], [ 6.0209892, 50.7542947 ], [ 5.9741469, 50.7552268 ], [ 5.9590075, 50.7623668 ], [ 5.9357576, 50.7569794 ] ] ] ] } },
{ "type": "Feature", "properties": { "id": 259, "code": "GM0983", "areaname": "Venlo", "area_large": 132100656.55471456, "area_small": 132100656.55471456, "surface_in_emp": 1.0, "in_empire": 1.0, "distance_from_border": 13328.657269401378 }, "geometry": { "type": "MultiPolygon", "coordinates": [ [ [ [ 6.2133613, 51.5078177 ], [ 6.2127636, 51.4913082 ], [ 6.2235567, 51.4749649 ], [ 6.205257, 51.3995201 ], [ 6.2263899, 51.3603362 ], [ 6.1898817, 51.3394614 ], [ 6.1690069, 51.3330139 ], [ 6.1594204, 51.315642 ], [ 6.1247579, 51.27755 ], [ 6.1200577, 51.2851127 ], [ 6.0847172, 51.2974544 ], [ 6.1153896, 51.3219995 ], [ 6.1232534, 51.3433698 ], [ 6.0996363, 51.3571321 ], [ 6.0775874, 51.3781728 ], [ 6.0731262, 51.3957292 ], [ 6.0776962, 51.4201708 ], [ 6.1568246, 51.4191199 ], [ 6.1568769, 51.4449324 ], [ 6.1760427, 51.4614666 ], [ 6.1671077, 51.4857884 ], [ 6.1691934, 51.5030817 ], [ 6.2133613, 51.5078177 ] ] ] ] } },
{ "type": "Feature", "properties": { "id": 260, "code": "GM0984", "areaname": "Venray", "area_large": 164525353.28490543, "area_small": 164525353.28490543, "surface_in_emp": 1.0, "in_empire": 1.0, "distance_from_border": 6962.3061664584202 }, "geometry": { "type": "MultiPolygon", "coordinates": [ [ [ [ 6.0481207, 51.5584625 ], [ 6.0807176, 51.546938 ], [ 6.1119164, 51.5462549 ], [ 6.1196826, 51.531845 ], [ 6.141094, 51.5195196 ], [ 6.1219911, 51.5101765 ], [ 6.1066121, 51.5183016 ], [ 6.0667738, 51.5236937 ], [ 6.073756, 51.4951727 ], [ 6.0352094, 51.4823484 ], [ 5.994353, 51.4752464 ], [ 5.9529436, 51.4635279 ], [ 5.8749659, 51.4465577 ], [ 5.8607144, 51.4919803 ], [ 5.8525737, 51.5041444 ], [ 5.8382385, 51.5664146 ], [ 5.8708924, 51.5626442 ], [ 5.9066626, 51.5520309 ], [ 5.9354449, 51.5536002 ], [ 6.0042528, 51.5702435 ], [ 6.0316688, 51.5523388 ], [ 6.0481207, 51.5584625 ] ] ] ] } },
{ "type": "Feature", "properties": { "id": 261, "code": "GM0986", "areaname": "Voerendaal", "area_large": 29446464.994693756, "area_small": 29446464.994693756, "surface_in_emp": 1.0, "in_empire": 1.0, "distance_from_border": 79817.615534099925 }, "geometry": { "type": "MultiPolygon", "coordinates": [ [ [ [ 5.9693623, 50.8600804 ], [ 5.9548162, 50.8459241 ], [ 5.8879926, 50.8470337 ], [ 5.8616184, 50.8824175 ], [ 5.8807864, 50.8825302 ], [ 5.923405, 50.9044057 ], [ 5.9693623, 50.8600804 ] ] ] ] } },
{ "type": "Feature", "properties": { "id": 262, "code": "GM0988", "areaname": "Weert", "area_large": 105902439.90198135, "area_small": 105902439.90198135, "surface_in_emp": 1.0, "in_empire": 1.0, "distance_from_border": 44889.113680685325 }, "geometry": { "type": "MultiPolygon", "coordinates": [ [ [ [ 5.79177, 51.237537 ], [ 5.7817666, 51.2201388 ], [ 5.7517761, 51.2136111 ], [ 5.7456412, 51.189499 ], [ 5.7080037, 51.1820547 ], [ 5.6580437, 51.184745 ], [ 5.6464676, 51.1999441 ], [ 5.5660453, 51.2209094 ], [ 5.6187816, 51.2294253 ], [ 5.6259722, 51.2736016 ], [ 5.6439967, 51.2905755 ], [ 5.6745118, 51.2770493 ], [ 5.7088736, 51.2835656 ], [ 5.7296126, 51.2811834 ], [ 5.7440975, 51.2653011 ], [ 5.7823599, 51.2473726 ], [ 5.79177, 51.237537 ] ] ] ] } },
{ "type": "Feature", "properties": { "id": 263, "code": "GM0994", "areaname": "Valkenburg aan de Geul", "area_large": 37449092.271031857, "area_small": 37449092.271031857, "surface_in_emp": 1.0, "in_empire": 1.0, "distance_from_border": 82976.766745553847 }, "geometry": { "type": "MultiPolygon", "coordinates": [ [ [ [ 5.8616184, 50.8824175 ], [ 5.8879926, 50.8470337 ], [ 5.8594609, 50.8336842 ], [ 5.8236098, 50.830358 ], [ 5.8006672, 50.8483504 ], [ 5.7573404, 50.8552906 ], [ 5.7626604, 50.8665103 ], [ 5.7776629, 50.8837273 ], [ 5.7998421, 50.8856729 ], [ 5.8616184, 50.8824175 ] ] ] ] } },
{ "type": "Feature", "properties": { "id": 264, "code": "GM0995", "areaname": "Lelystad", "area_large": 256253346.71601021, "area_small": null, "surface_in_emp": null, "in_empire": null, "distance_from_border": 10395.494222829448 }, "geometry": { "type": "MultiPolygon", "coordinates": [ [ [ [ 5.5728885, 52.5961574 ], [ 5.5874105, 52.5634598 ], [ 5.5913608, 52.4999637 ], [ 5.6058703, 52.4845198 ], [ 5.5654198, 52.4702807 ], [ 5.5863886, 52.4477106 ], [ 5.5666368, 52.435863 ], [ 5.58907, 52.4111866 ], [ 5.5780142, 52.4099679 ], [ 5.5372979, 52.3850001 ], [ 5.5089916, 52.3976624 ], [ 5.4386083, 52.4426311 ], [ 5.3975329, 52.4198405 ], [ 5.3507724, 52.4002087 ], [ 5.2758124, 52.4233169 ], [ 5.2584242, 52.4354255 ], [ 5.377911, 52.4868988 ], [ 5.3947983, 52.490771 ], [ 5.434574, 52.5111939 ], [ 5.4255379, 52.5296677 ], [ 5.4271842, 52.5379528 ], [ 5.4384927, 52.5549221 ], [ 5.446145, 52.5610811 ], [ 5.4667993, 52.5717714 ], [ 5.4554587, 52.5935584 ], [ 5.3989746, 52.6488338 ], [ 5.3603423, 52.6741795 ], [ 5.3054943, 52.6898863 ], [ 5.2868834, 52.6898955 ], [ 5.2874249, 52.691165 ], [ 5.3021437, 52.6915946 ], [ 5.3536615, 52.677738 ], [ 5.3612102, 52.6744191 ], [ 5.3995488, 52.6493832 ], [ 5.4564391, 52.5936404 ], [ 5.4685558, 52.56964 ], [ 5.4398353, 52.5555123 ], [ 5.4280457, 52.5380941 ], [ 5.4475785, 52.5352173 ], [ 5.4559408, 52.5503278 ], [ 5.5007144, 52.5561044 ], [ 5.5587089, 52.5922603 ], [ 5.5728885, 52.5961574 ] ] ] ] } },
{ "type": "Feature", "properties": { "id": 265, "code": "GM1507", "areaname": "Horst aan de Maas", "area_large": 187237583.49405688, "area_small": 187237583.49405688, "surface_in_emp": 1.0, "in_empire": 1.0, "distance_from_border": 10206.978761252547 }, "geometry": { "type": "MultiPolygon", "coordinates": [ [ [ [ 6.141094, 51.5195196 ], [ 6.1691934, 51.5030817 ], [ 6.1671077, 51.4857884 ], [ 6.1760427, 51.4614666 ], [ 6.1568769, 51.4449324 ], [ 6.1568246, 51.4191199 ], [ 6.0776962, 51.4201708 ], [ 6.0731262, 51.3957292 ], [ 6.0187659, 51.3822566 ], [ 5.9578048, 51.3780939 ], [ 5.9312875, 51.3847527 ], [ 5.8749659, 51.4465577 ], [ 5.9529436, 51.4635279 ], [ 5.994353, 51.4752464 ], [ 6.0352094, 51.4823484 ], [ 6.073756, 51.4951727 ], [ 6.0667738, 51.5236937 ], [ 6.1066121, 51.5183016 ], [ 6.1219911, 51.5101765 ], [ 6.141094, 51.5195196 ] ] ] ] } },
{ "type": "Feature", "properties": { "id": 266, "code": "GM1509", "areaname": "Oude IJsselstreek", "area_large": 139516216.77825898, "area_small": null, "surface_in_emp": null, "in_empire": null, "distance_from_border": 16225.260892099521 }, "geometry": { "type": "MultiPolygon", "coordinates": [ [ [ [ 6.5272694, 51.9660236 ], [ 6.5047806, 51.9459843 ], [ 6.4886686, 51.9127317 ], [ 6.4723518, 51.9073533 ], [ 6.4842075, 51.8789684 ], [ 6.4643837, 51.8552873 ], [ 6.4510891, 51.865246 ], [ 6.4286056, 51.8650836 ], [ 6.3911544, 51.8729497 ], [ 6.3880345, 51.8618991 ], [ 6.4077104, 51.8543645 ], [ 6.4074911, 51.8280895 ], [ 6.3633306, 51.8351559 ], [ 6.3451796, 51.8509575 ], [ 6.306203, 51.8490782 ], [ 6.2990063, 51.8678262 ], [ 6.3316329, 51.8748207 ], [ 6.3108661, 51.9000352 ], [ 6.3161427, 51.9127372 ], [ 6.2896531, 51.9254889 ], [ 6.3057628, 51.938821 ], [ 6.3313296, 51.9260363 ], [ 6.3608453, 51.9229666 ], [ 6.3799632, 51.9362815 ], [ 6.4160819, 51.9726219 ], [ 6.4475018, 51.9697083 ], [ 6.4678505, 51.9782189 ], [ 6.5272694, 51.9660236 ] ] ] ] } },
{ "type": "Feature", "properties": { "id": 267, "code": "GM1525", "areaname": "Teylingen", "area_large": 31343329.093547344, "area_small": 31343329.093547344, "surface_in_emp": 1.0, "in_empire": 1.0, "distance_from_border": 23651.421769118522 }, "geometry": { "type": "MultiPolygon", "coordinates": [ [ [ [ 4.553934, 52.2222054 ], [ 4.5584331, 52.2187985 ], [ 4.5381537, 52.1800847 ], [ 4.5183687, 52.1821163 ], [ 4.4975622, 52.1839827 ], [ 4.4914472, 52.2036872 ], [ 4.4634715, 52.2002016 ], [ 4.4640821, 52.2159643 ], [ 4.466066, 52.2250027 ], [ 4.513495, 52.2549915 ], [ 4.5250649, 52.2359226 ], [ 4.553934, 52.2222054 ] ] ] ] } },
{ "type": "Feature", "properties": { "id": 268, "code": "GM1581", "areaname": "Utrechtse Heuvelrug", "area_large": 138442545.30166125, "area_small": 138442545.30166125, "surface_in_emp": 1.0, "in_empire": 1.0, "distance_from_border": 18678.697622938136 }, "geometry": { "type": "MultiPolygon", "coordinates": [ [ [ [ 5.3322509, 52.0841634 ], [ 5.4374662, 52.0720155 ], [ 5.4351506, 52.0478853 ], [ 5.4457027, 52.0452589 ], [ 5.497876, 52.0570182 ], [ 5.5156812, 52.0541912 ], [ 5.5293479, 52.0402024 ], [ 5.5125922, 52.0185161 ], [ 5.4942017, 51.9949011 ], [ 5.4776645, 51.9834727 ], [ 5.4424082, 51.9859475 ], [ 5.3909761, 51.9707302 ], [ 5.3784299, 51.986082 ], [ 5.3816471, 52.0021378 ], [ 5.3442916, 52.0201937 ], [ 5.3146482, 52.0270007 ], [ 5.29122, 52.0083538 ], [ 5.2799099, 52.0107216 ], [ 5.2632394, 52.0243801 ], [ 5.2474231, 52.0586466 ], [ 5.291153, 52.0863531 ], [ 5.3204228, 52.0703269 ], [ 5.3322509, 52.0841634 ] ] ] ] } },
{ "type": "Feature", "properties": { "id": 269, "code": "GM1586", "areaname": "Oost Gelre", "area_large": 109799584.6017758, "area_small": null, "surface_in_emp": null, "in_empire": null, "distance_from_border": 30517.917888043903 }, "geometry": { "type": "MultiPolygon", "coordinates": [ [ [ [ 6.6879812, 52.0443654 ], [ 6.6878529, 52.0398562 ], [ 6.6835694, 52.0282021 ], [ 6.6558136, 52.0135626 ], [ 6.6555982, 51.9755448 ], [ 6.6389158, 51.962547 ], [ 6.6287209, 51.9672815 ], [ 6.5593524, 51.9743641 ], [ 6.5272694, 51.9660236 ], [ 6.4678505, 51.9782189 ], [ 6.4757728, 51.9881362 ], [ 6.4621852, 52.0217008 ], [ 6.4800713, 52.0329482 ], [ 6.5172877, 52.0424145 ], [ 6.5391205, 52.0252237 ], [ 6.5715225, 52.0309939 ], [ 6.5962379, 52.0428192 ], [ 6.6062895, 52.0651774 ], [ 6.6589707, 52.0630413 ], [ 6.6618012, 52.0515979 ], [ 6.6879812, 52.0443654 ] ] ] ] } },
{ "type": "Feature", "properties": { "id": 270, "code": "GM1598", "areaname": "Koggenland", "area_large": 87205978.663144946, "area_small": null, "surface_in_emp": null, "in_empire": null, "distance_from_border": 11399.631199929316 }, "geometry": { "type": "MultiPolygon", "coordinates": [ [ [ [ 4.9792047, 52.6796792 ], [ 5.0213144, 52.6644092 ], [ 5.0347627, 52.6665564 ], [ 5.0371394, 52.6476578 ], [ 5.0189038, 52.6299189 ], [ 5.0196593, 52.6124536 ], [ 5.0048812, 52.597573 ], [ 4.9498499, 52.5952853 ], [ 4.9269255, 52.606697 ], [ 4.9220448, 52.6114844 ], [ 4.8839923, 52.6131386 ], [ 4.8880501, 52.6273789 ], [ 4.8734018, 52.6344406 ], [ 4.8631787, 52.6564687 ], [ 4.8762933, 52.6863427 ], [ 4.8998601, 52.6975866 ], [ 4.9049794, 52.6872685 ], [ 4.949412, 52.6744829 ], [ 4.9792047, 52.6796792 ] ] ] ] } },
{ "type": "Feature", "properties": { "id": 271, "code": "GM1621", "areaname": "Lansingerland", "area_large": 55299887.475535631, "area_small": 55299887.475535631, "surface_in_emp": 1.0, "in_empire": 1.0, "distance_from_border": 44075.980431510805 }, "geometry": { "type": "MultiPolygon", "coordinates": [ [ [ [ 4.565043, 52.0585694 ], [ 4.5548751, 52.0059486 ], [ 4.5463393, 51.9915142 ], [ 4.5476863, 51.9728066 ], [ 4.5122468, 51.9624204 ], [ 4.4694512, 51.9801875 ], [ 4.4466821, 51.962786 ], [ 4.4278984, 51.9764665 ], [ 4.4587281, 52.0022092 ], [ 4.4571992, 52.0221689 ], [ 4.4767061, 52.0316421 ], [ 4.5047093, 52.0319308 ], [ 4.5571802, 52.0612394 ], [ 4.565043, 52.0585694 ] ] ] ] } },
{ "type": "Feature", "properties": { "id": 272, "code": "GM1640", "areaname": "Leudal", "area_large": 165358456.37491357, "area_small": 165358456.37491357, "surface_in_emp": 1.0, "in_empire": 1.0, "distance_from_border": 35884.751343744858 }, "geometry": { "type": "MultiPolygon", "coordinates": [ [ [ [ 6.0096118, 51.2657591 ], [ 6.0058801, 51.258683 ], [ 6.0019889, 51.2339463 ], [ 5.9800067, 51.2233348 ], [ 5.9513253, 51.201165 ], [ 5.925603, 51.2037254 ], [ 5.8941694, 51.2160253 ], [ 5.8836438, 51.2133619 ], [ 5.8737332, 51.1909416 ], [ 5.8264172, 51.1668343 ], [ 5.7794826, 51.1593831 ], [ 5.7767285, 51.1784855 ], [ 5.7456412, 51.189499 ], [ 5.7517761, 51.2136111 ], [ 5.7817666, 51.2201388 ], [ 5.79177, 51.237537 ], [ 5.853441, 51.2444931 ], [ 5.8338362, 51.2749432 ], [ 5.8607246, 51.3108024 ], [ 5.8778234, 51.3165777 ], [ 5.9075042, 51.3132516 ], [ 5.9547057, 51.3002802 ], [ 6.0082714, 51.2775294 ], [ 6.0096118, 51.2657591 ] ] ] ] } },
{ "type": "Feature", "properties": { "id": 273, "code": "GM1641", "areaname": "Maasgouw", "area_large": 55904780.852690697, "area_small": 55904780.852690697, "surface_in_emp": 1.0, "in_empire": 1.0, "distance_from_border": 46403.672458807428 }, "geometry": { "type": "MultiPolygon", "coordinates": [ [ [ [ 5.9513253, 51.201165 ], [ 5.9316654, 51.1899663 ], [ 5.9222406, 51.1721763 ], [ 5.9554775, 51.1590445 ], [ 5.9138883, 51.1331999 ], [ 5.8722816, 51.1351087 ], [ 5.8510911, 51.109185 ], [ 5.8335072, 51.0995553 ], [ 5.8098502, 51.1184222 ], [ 5.8401158, 51.1308426 ], [ 5.8556197, 51.1446973 ], [ 5.8264172, 51.1668343 ], [ 5.8737332, 51.1909416 ], [ 5.8836438, 51.2133619 ], [ 5.8941694, 51.2160253 ], [ 5.925603, 51.2037254 ], [ 5.9513253, 51.201165 ] ] ] ] } },
{ "type": "Feature", "properties": { "id": 274, "code": "GM1652", "areaname": "Gemert-Bakel", "area_large": 124155328.50325507, "area_small": 124155328.50325507, "surface_in_emp": 1.0, "in_empire": 1.0, "distance_from_border": 18140.451206602102 }, "geometry": { "type": "MultiPolygon", "coordinates": [ [ [ [ 5.8382385, 51.5664146 ], [ 5.8525737, 51.5041444 ], [ 5.7738264, 51.4886484 ], [ 5.7217177, 51.4851315 ], [ 5.7076929, 51.4992245 ], [ 5.7081815, 51.5018276 ], [ 5.684144, 51.5077 ], [ 5.6524858, 51.5696785 ], [ 5.6513573, 51.5823602 ], [ 5.6993859, 51.5841165 ], [ 5.7586146, 51.5939465 ], [ 5.7866784, 51.5982083 ], [ 5.800586, 51.5786218 ], [ 5.8382385, 51.5664146 ] ] ] ] } },
{ "type": "Feature", "properties": { "id": 275, "code": "GM1655", "areaname": "Halderberge", "area_large": 75989631.303108692, "area_small": 72018063.042623952, "surface_in_emp": 0.94773539241632998, "in_empire": 1.0, "distance_from_border": 84514.797156156215 }, "geometry": { "type": "MultiPolygon", "coordinates": [ [ [ [ 4.6012332, 51.6252389 ], [ 4.6138916, 51.608038 ], [ 4.5968045, 51.5903484 ], [ 4.5917613, 51.5610316 ], [ 4.5334827, 51.5492695 ], [ 4.5366163, 51.5657763 ], [ 4.50945, 51.5685587 ], [ 4.5002042, 51.5585363 ], [ 4.4575356, 51.5614591 ], [ 4.4439992, 51.5690954 ], [ 4.432926, 51.5827972 ], [ 4.4266748, 51.6117402 ], [ 4.4378279, 51.6171192 ], [ 4.4804385, 51.6197187 ], [ 4.5191324, 51.6078341 ], [ 4.5604374, 51.6288175 ], [ 4.6012332, 51.6252389 ] ] ] ] } },
{ "type": "Feature", "properties": { "id": 276, "code": "GM1658", "areaname": "Heeze-Leende", "area_large": 104232965.99346203, "area_small": 104232965.99346203, "surface_in_emp": 1.0, "in_empire": 1.0, "distance_from_border": 38158.302824697275 }, "geometry": { "type": "MultiPolygon", "coordinates": [ [ [ [ 5.6547072, 51.3538773 ], [ 5.6399256, 51.3467371 ], [ 5.6312952, 51.3275409 ], [ 5.6053166, 51.3318051 ], [ 5.5679268, 51.3210872 ], [ 5.5157739, 51.2952025 ], [ 5.4848593, 51.2999999 ], [ 5.4913719, 51.3142223 ], [ 5.4736035, 51.3339831 ], [ 5.4960302, 51.3465078 ], [ 5.4941441, 51.3554868 ], [ 5.5271805, 51.3669411 ], [ 5.5164176, 51.3783355 ], [ 5.5048739, 51.4001548 ], [ 5.5258149, 51.4046971 ], [ 5.5642493, 51.4048802 ], [ 5.5987176, 51.4183414 ], [ 5.6390155, 51.4224565 ], [ 5.6389418, 51.3891237 ], [ 5.6547072, 51.3538773 ] ] ] ] } },
{ "type": "Feature", "properties": { "id": 277, "code": "GM1659", "areaname": "Laarbeek", "area_large": 53556230.956203461, "area_small": 53556230.956203461, "surface_in_emp": 1.0, "in_empire": 1.0, "distance_from_border": 28106.442597338184 }, "geometry": { "type": "MultiPolygon", "coordinates": [ [ [ [ 5.684144, 51.5077 ], [ 5.6564037, 51.5073093 ], [ 5.6348222, 51.4948832 ], [ 5.6096538, 51.5092173 ], [ 5.5767299, 51.4994532 ], [ 5.5576524, 51.5093697 ], [ 5.5474373, 51.537732 ], [ 5.5330831, 51.5578036 ], [ 5.584341, 51.5627314 ], [ 5.6217954, 51.5532685 ], [ 5.6524858, 51.5696785 ], [ 5.684144, 51.5077 ] ] ] ] } },
{ "type": "Feature", "properties": { "id": 278, "code": "GM1667", "areaname": "Reusel-De Mierden", "area_large": 79245498.446697056, "area_small": 79245498.446697056, "surface_in_emp": 1.0, "in_empire": 1.0, "distance_from_border": 63076.75008374438 }, "geometry": { "type": "MultiPolygon", "coordinates": [ [ [ [ 5.19102, 51.4302158 ], [ 5.1947494, 51.3999552 ], [ 5.1938652, 51.3452261 ], [ 5.2002551, 51.3226612 ], [ 5.1626398, 51.3103166 ], [ 5.1343533, 51.3155005 ], [ 5.1317109, 51.3467745 ], [ 5.0711817, 51.3934875 ], [ 5.1020206, 51.4289227 ], [ 5.19102, 51.4302158 ] ] ] ] } },
{ "type": "Feature", "properties": { "id": 279, "code": "GM1669", "areaname": "Roerdalen", "area_large": 87396775.886396408, "area_small": 87396775.886396408, "surface_in_emp": 1.0, "in_empire": 1.0, "distance_from_border": 46898.952540138212 }, "geometry": { "type": "MultiPolygon", "coordinates": [ [ [ [ 6.0364631, 51.0965314 ], [ 6.0219832, 51.1133713 ], [ 5.9848067, 51.1206551 ], [ 5.9721263, 51.1146944 ], [ 5.9267548, 51.113774 ], [ 5.9138883, 51.1331999 ], [ 5.9554775, 51.1590445 ], [ 5.9835666, 51.1762294 ], [ 5.9979209, 51.1681676 ], [ 6.0401149, 51.1605423 ], [ 6.0635659, 51.1655243 ], [ 6.0731414, 51.1828248 ], [ 6.0821902, 51.1716335 ], [ 6.1127005, 51.1748636 ], [ 6.1651704, 51.1944141 ], [ 6.1807243, 51.1863585 ], [ 6.1388017, 51.1733392 ], [ 6.1754218, 51.158464 ], [ 6.1633394, 51.1486975 ], [ 6.1259724, 51.1449074 ], [ 6.0917525, 51.1349122 ], [ 6.0757135, 51.1191182 ], [ 6.0364631, 51.0965314 ] ] ] ] } },
{ "type": "Feature", "properties": { "id": 280, "code": "GM1674", "areaname": "Roosendaal", "area_large": 106641920.43610811, "area_small": 95198872.013450384, "surface_in_emp": 0.8926965270705759, "in_empire": 1.0, "distance_from_border": 93974.513076089148 }, "geometry": { "type": "MultiPolygon", "coordinates": [ [ [ [ 4.5002042, 51.5585363 ], [ 4.4988306, 51.5447851 ], [ 4.5231916, 51.5425568 ], [ 4.5143322, 51.5178955 ], [ 4.5021795, 51.5167235 ], [ 4.4866816, 51.4773528 ], [ 4.4424462, 51.4686387 ], [ 4.3910832, 51.4514873 ], [ 4.3669659, 51.4567189 ], [ 4.3616324, 51.4763718 ], [ 4.3726435, 51.4877725 ], [ 4.3495402, 51.503481 ], [ 4.3524638, 51.5142994 ], [ 4.3298862, 51.5282396 ], [ 4.3179776, 51.5512158 ], [ 4.3780904, 51.5443147 ], [ 4.4410782, 51.5584916 ], [ 4.4439992, 51.5690954 ], [ 4.4575356, 51.5614591 ], [ 4.5002042, 51.5585363 ] ] ] ] } },
{ "type": "Feature", "properties": { "id": 280, "code": "GM1674", "areaname": "Roosendaal", "area_large": 106641920.43610811, "area_small": 2620.8601824939251, "surface_in_emp": 2.4576265804066694e-05, "in_empire": 0.0, "distance_from_border": 93974.513076089148 }, "geometry": { "type": "MultiPolygon", "coordinates": [ [ [ [ 4.5002042, 51.5585363 ], [ 4.4988306, 51.5447851 ], [ 4.5231916, 51.5425568 ], [ 4.5143322, 51.5178955 ], [ 4.5021795, 51.5167235 ], [ 4.4866816, 51.4773528 ], [ 4.4424462, 51.4686387 ], [ 4.3910832, 51.4514873 ], [ 4.3669659, 51.4567189 ], [ 4.3616324, 51.4763718 ], [ 4.3726435, 51.4877725 ], [ 4.3495402, 51.503481 ], [ 4.3524638, 51.5142994 ], [ 4.3298862, 51.5282396 ], [ 4.3179776, 51.5512158 ], [ 4.3780904, 51.5443147 ], [ 4.4410782, 51.5584916 ], [ 4.4439992, 51.5690954 ], [ 4.4575356, 51.5614591 ], [ 4.5002042, 51.5585363 ] ] ] ] } },
{ "type": "Feature", "properties": { "id": 281, "code": "GM1676", "areaname": "Schouwen-Duiveland", "area_large": 229842680.22799355, "area_small": 229836189.80962402, "surface_in_emp": 0.99997176147457434, "in_empire": 1.0, "distance_from_border": 90953.38149274484 }, "geometry": { "type": "MultiPolygon", "coordinates": [ [ [ [ 3.8424773, 51.756305 ], [ 3.8257941, 51.7388478 ], [ 3.8499951, 51.737508 ], [ 3.8875233, 51.7442316 ], [ 3.9138839, 51.7313466 ], [ 3.9733308, 51.7328717 ], [ 3.982455, 51.7177406 ], [ 4.0070686, 51.7031165 ], [ 4.014882, 51.6866892 ], [ 4.0442438, 51.6846382 ], [ 4.0917048, 51.6670838 ], [ 4.1090836, 51.6776211 ], [ 4.1554798, 51.6834187 ], [ 4.1573465, 51.682492 ], [ 4.1692135, 51.6544187 ], [ 4.1941367, 51.6390303 ], [ 4.1931759, 51.638763 ], [ 4.1521258, 51.6551913 ], [ 4.1595826, 51.6695138 ], [ 4.1499352, 51.6783746 ], [ 4.1088784, 51.6737669 ], [ 4.0965664, 51.6475432 ], [ 4.0710303, 51.6324897 ], [ 4.0498341, 51.6312322 ], [ 4.0068991, 51.6174973 ], [ 3.9680597, 51.6143498 ], [ 3.9400547, 51.6343849 ], [ 3.9143773, 51.6292112 ], [ 3.8707299, 51.5970375 ], [ 3.8705479, 51.5970806 ], [ 3.9141939, 51.6292433 ], [ 3.890361, 51.6328021 ], [ 3.8768368, 51.6670679 ], [ 3.8574361, 51.6782366 ], [ 3.8245083, 51.6835238 ], [ 3.8175492, 51.6959652 ], [ 3.793346, 51.6956648 ], [ 3.7819576, 51.6859346 ], [ 3.7245968, 51.6685324 ], [ 3.7222244, 51.6503378 ], [ 3.7189557, 51.6503314 ], [ 3.7223912, 51.6632183 ], [ 3.6894891, 51.6781065 ], [ 3.6792661, 51.707123 ], [ 3.6887635, 51.7198616 ], [ 3.7165053, 51.7358402 ], [ 3.7894159, 51.7441088 ], [ 3.8166426, 51.740647 ], [ 3.8391938, 51.7582306 ], [ 3.8424773, 51.756305 ] ] ] ] } },
{ "type": "Feature", "properties": { "id": 282, "code": "GM1680", "areaname": "Aa en Hunze", "area_large": 275379853.34343195, "area_small": null, "surface_in_emp": null, "in_empire": null, "distance_from_border": 95228.028175590734 }, "geometry": { "type": "MultiPolygon", "coordinates": [ [ [ [ 6.8139447, 53.0709716 ], [ 6.8612874, 53.040874 ], [ 6.9356848, 52.9933525 ], [ 6.8389594, 52.9780596 ], [ 6.788759, 52.9627747 ], [ 6.7277118, 52.9547198 ], [ 6.7246509, 52.9373051 ], [ 6.7363371, 52.8786913 ], [ 6.7145639, 52.8681588 ], [ 6.6864989, 52.8752991 ], [ 6.6749857, 52.9050172 ], [ 6.6667339, 52.9094494 ], [ 6.5858144, 52.919468 ], [ 6.5615048, 52.9466521 ], [ 6.5812653, 52.9674491 ], [ 6.5960435, 52.972658 ], [ 6.6312214, 53.0261052 ], [ 6.6485933, 53.0263325 ], [ 6.6423298, 53.0459322 ], [ 6.6715991, 53.065017 ], [ 6.6990147, 53.0651736 ], [ 6.748211, 53.0812328 ], [ 6.7765094, 53.0947607 ], [ 6.8139447, 53.0709716 ] ] ] ] } },
{ "type": "Feature", "properties": { "id": 283, "code": "GM1681", "areaname": "Borger-Odoorn", "area_large": 278666258.77272129, "area_small": null, "surface_in_emp": null, "in_empire": null, "distance_from_border": 97665.301854396806 }, "geometry": { "type": "MultiPolygon", "coordinates": [ [ [ [ 7.0268544, 52.919037 ], [ 7.0455311, 52.9159155 ], [ 7.0147993, 52.8729866 ], [ 6.9576153, 52.8619046 ], [ 6.9499128, 52.8488033 ], [ 6.8690019, 52.8192938 ], [ 6.8498058, 52.8046339 ], [ 6.8269407, 52.8197523 ], [ 6.765601, 52.8499256 ], [ 6.7363371, 52.8786913 ], [ 6.7246509, 52.9373051 ], [ 6.7277118, 52.9547198 ], [ 6.788759, 52.9627747 ], [ 6.8389594, 52.9780596 ], [ 6.9356848, 52.9933525 ], [ 6.9366106, 52.9927596 ], [ 6.9429273, 52.9873318 ], [ 7.0156977, 52.9248157 ], [ 7.0268544, 52.919037 ] ] ] ] } },
{ "type": "Feature", "properties": { "id": 284, "code": "GM1684", "areaname": "Cuijk", "area_large": 56302136.158947468, "area_small": 56302136.158947468, "surface_in_emp": 1.0, "in_empire": 1.0, "distance_from_border": 2856.4719806873732 }, "geometry": { "type": "MultiPolygon", "coordinates": [ [ [ [ 5.9337848, 51.7161404 ], [ 5.8948059, 51.6884594 ], [ 5.8952462, 51.6814088 ], [ 5.8599033, 51.6699144 ], [ 5.842805, 51.6799703 ], [ 5.8225639, 51.6995016 ], [ 5.8053386, 51.7005113 ], [ 5.79244, 51.7205588 ], [ 5.7997489, 51.7343657 ], [ 5.7905343, 51.7535091 ], [ 5.8521496, 51.7593174 ], [ 5.8644688, 51.7576817 ], [ 5.8795604, 51.7499136 ], [ 5.885404, 51.7283142 ], [ 5.9194695, 51.7176715 ], [ 5.9337848, 51.7161404 ] ] ] ] } },
{ "type": "Feature", "properties": { "id": 285, "code": "GM1685", "areaname": "Landerd", "area_large": 70291657.599977493, "area_small": 70291657.599977493, "surface_in_emp": 1.0, "in_empire": 1.0, "distance_from_border": 16680.617177062875 }, "geometry": { "type": "MultiPolygon", "coordinates": [ [ [ [ 5.7131391, 51.7264151 ], [ 5.6999602, 51.7114516 ], [ 5.7343591, 51.677622 ], [ 5.7425463, 51.6500617 ], [ 5.7313483, 51.6739354 ], [ 5.6786693, 51.6649427 ], [ 5.6225802, 51.6990944 ], [ 5.5970406, 51.7019875 ], [ 5.6000652, 51.7084868 ], [ 5.5808812, 51.7314481 ], [ 5.5763854, 51.7448914 ], [ 5.6486036, 51.7641425 ], [ 5.6908582, 51.7591307 ], [ 5.6981163, 51.7385073 ], [ 5.7131391, 51.7264151 ] ] ] ] } },
{ "type": "Feature", "properties": { "id": 286, "code": "GM1690", "areaname": "De Wolden", "area_large": 225680772.08331889, "area_small": null, "surface_in_emp": null, "in_empire": null, "distance_from_border": 59872.583719671296 }, "geometry": { "type": "MultiPolygon", "coordinates": [ [ [ [ 6.4469203, 52.7858893 ], [ 6.4461523, 52.7760955 ], [ 6.4101401, 52.7648872 ], [ 6.4231926, 52.7430002 ], [ 6.4071676, 52.7067956 ], [ 6.4511416, 52.7069816 ], [ 6.4486766, 52.6937876 ], [ 6.4859804, 52.6936327 ], [ 6.4995518, 52.673554 ], [ 6.5305558, 52.6724724 ], [ 6.5293807, 52.6545073 ], [ 6.5138615, 52.6462938 ], [ 6.5186042, 52.6140878 ], [ 6.4640353, 52.6238758 ], [ 6.453477, 52.6139557 ], [ 6.4062889, 52.6205641 ], [ 6.3840842, 52.6122501 ], [ 6.3641023, 52.6431417 ], [ 6.3277977, 52.6586927 ], [ 6.3225293, 52.6704378 ], [ 6.2655012, 52.6679877 ], [ 6.2867002, 52.6990693 ], [ 6.2489755, 52.708221 ], [ 6.2169036, 52.7031577 ], [ 6.2163198, 52.718604 ], [ 6.2314388, 52.7417086 ], [ 6.2520275, 52.7583106 ], [ 6.2974922, 52.7660901 ], [ 6.2930371, 52.7784719 ], [ 6.3094009, 52.7953216 ], [ 6.3406808, 52.7989778 ], [ 6.3609003, 52.7832332 ], [ 6.3940417, 52.7774485 ], [ 6.4469203, 52.7858893 ] ] ] ] } },
{ "type": "Feature", "properties": { "id": 287, "code": "GM1695", "areaname": "Noord-Beveland", "area_large": 87998423.273618564, "area_small": 48117591.473728672, "surface_in_emp": 0.54680060941676045, "in_empire": 1.0, "distance_from_border": 107648.88077848223 }, "geometry": { "type": "MultiPolygon", "coordinates": [ [ [ [ 3.8705479, 51.5970806 ], [ 3.8707299, 51.5970375 ], [ 3.8968974, 51.5599746 ], [ 3.8726615, 51.5552456 ], [ 3.8668595, 51.5417079 ], [ 3.8651158, 51.541477 ], [ 3.832881, 51.556304 ], [ 3.8035466, 51.547774 ], [ 3.7603642, 51.5550843 ], [ 3.7147771, 51.5354939 ], [ 3.6884594, 51.556091 ], [ 3.6550354, 51.5693097 ], [ 3.6349135, 51.5868925 ], [ 3.6336234, 51.5893974 ], [ 3.6807538, 51.600098 ], [ 3.6831268, 51.6007632 ], [ 3.7147444, 51.591898 ], [ 3.7992571, 51.6053552 ], [ 3.8348326, 51.6057086 ], [ 3.8705479, 51.5970806 ] ] ] ] } },
{ "type": "Feature", "properties": { "id": 288, "code": "GM1696", "areaname": "Wijdemeren", "area_large": 76771704.213450432, "area_small": 76771704.213450432, "surface_in_emp": 1.0, "in_empire": 1.0, "distance_from_border": 5014.3659624473648 }, "geometry": { "type": "MultiPolygon", "coordinates": [ [ [ [ 5.1020658, 52.2798908 ], [ 5.1364995, 52.259583 ], [ 5.1456116, 52.2005044 ], [ 5.1241106, 52.1808274 ], [ 5.1153111, 52.1798163 ], [ 5.0464635, 52.1659291 ], [ 5.0343538, 52.2131175 ], [ 5.0423134, 52.2305317 ], [ 5.0577128, 52.2353426 ], [ 5.026551, 52.2641986 ], [ 5.03307, 52.2752899 ], [ 5.0644124, 52.2807376 ], [ 5.1020658, 52.2798908 ] ] ] ] } },
{ "type": "Feature", "properties": { "id": 289, "code": "GM1699", "areaname": "Noordenveld", "area_large": 204434055.87891197, "area_small": null, "surface_in_emp": null, "in_empire": null, "distance_from_border": 94872.93985066333 }, "geometry": { "type": "MultiPolygon", "coordinates": [ [ [ [ 6.513386, 53.196937 ], [ 6.5357271, 53.1673773 ], [ 6.5391206, 53.1325565 ], [ 6.4802996, 53.1207867 ], [ 6.490834, 53.0967994 ], [ 6.5133564, 53.0722803 ], [ 6.5051301, 53.0463548 ], [ 6.4955278, 53.0308977 ], [ 6.503873, 53.0160416 ], [ 6.488212, 53.0054053 ], [ 6.4132798, 52.9855229 ], [ 6.3625214, 53.033969 ], [ 6.3678105, 53.06736 ], [ 6.3320553, 53.0752794 ], [ 6.3052738, 53.0811895 ], [ 6.3151574, 53.0940528 ], [ 6.3444429, 53.0871506 ], [ 6.3826123, 53.1495705 ], [ 6.4079703, 53.1781484 ], [ 6.4428668, 53.1877404 ], [ 6.4634614, 53.2000582 ], [ 6.4857168, 53.2038213 ], [ 6.513386, 53.196937 ] ] ] ] } },
{ "type": "Feature", "properties": { "id": 290, "code": "GM1700", "areaname": "Twenterand", "area_large": 106452752.23940611, "area_small": null, "surface_in_emp": null, "in_empire": null, "distance_from_border": 52443.448105252486 }, "geometry": { "type": "MultiPolygon", "coordinates": [ [ [ [ 6.6975846, 52.4862982 ], [ 6.7177067, 52.4781316 ], [ 6.6922496, 52.4474272 ], [ 6.6764411, 52.444141 ], [ 6.6696731, 52.4173675 ], [ 6.6986353, 52.3937411 ], [ 6.6517617, 52.3987161 ], [ 6.5988512, 52.3836583 ], [ 6.5759519, 52.4175135 ], [ 6.5981476, 52.4390294 ], [ 6.5429949, 52.4512264 ], [ 6.5109013, 52.4371734 ], [ 6.4753094, 52.4410027 ], [ 6.4500983, 52.4612564 ], [ 6.4654515, 52.4751155 ], [ 6.5037732, 52.4817217 ], [ 6.5097875, 52.4906665 ], [ 6.5544635, 52.4875933 ], [ 6.5951881, 52.4803033 ], [ 6.6114212, 52.4668649 ], [ 6.6415412, 52.4712439 ], [ 6.6693013, 52.4949807 ], [ 6.6975846, 52.4862982 ] ] ] ] } },
{ "type": "Feature", "properties": { "id": 291, "code": "GM1701", "areaname": "Westerveld", "area_large": 285428775.2877509, "area_small": null, "surface_in_emp": null, "in_empire": null, "distance_from_border": 63067.647238543825 }, "geometry": { "type": "MultiPolygon", "coordinates": [ [ [ [ 6.3690262, 52.9219756 ], [ 6.3855501, 52.9155473 ], [ 6.3595603, 52.8945343 ], [ 6.4199928, 52.8823219 ], [ 6.4310215, 52.8676586 ], [ 6.4308593, 52.8504422 ], [ 6.4512731, 52.8500155 ], [ 6.4800261, 52.8369444 ], [ 6.4554507, 52.8005565 ], [ 6.4469203, 52.7858893 ], [ 6.3940417, 52.7774485 ], [ 6.3609003, 52.7832332 ], [ 6.3406808, 52.7989778 ], [ 6.3094009, 52.7953216 ], [ 6.2930371, 52.7784719 ], [ 6.2974922, 52.7660901 ], [ 6.2520275, 52.7583106 ], [ 6.2314388, 52.7417086 ], [ 6.2185558, 52.7483004 ], [ 6.201843, 52.7293071 ], [ 6.172906, 52.7730543 ], [ 6.2017307, 52.7936961 ], [ 6.1368207, 52.8388254 ], [ 6.1198199, 52.8542149 ], [ 6.2069, 52.8907439 ], [ 6.2472587, 52.9233474 ], [ 6.2565931, 52.9276412 ], [ 6.3029853, 52.9249724 ], [ 6.3332805, 52.9063561 ], [ 6.3690262, 52.9219756 ] ] ] ] } },
{ "type": "Feature", "properties": { "id": 292, "code": "GM1702", "areaname": "Sint Anthonis", "area_large": 99691866.99976778, "area_small": 99691866.99976778, "surface_in_emp": 1.0, "in_empire": 1.0, "distance_from_border": 8831.5267243847811 }, "geometry": { "type": "MultiPolygon", "coordinates": [ [ [ [ 5.8599033, 51.6699144 ], [ 5.8557977, 51.6622062 ], [ 5.9258882, 51.6320203 ], [ 5.9393547, 51.6127697 ], [ 5.931853, 51.5968609 ], [ 5.8772362, 51.5781658 ], [ 5.8708924, 51.5626442 ], [ 5.8382385, 51.5664146 ], [ 5.800586, 51.5786218 ], [ 5.7866784, 51.5982083 ], [ 5.7586146, 51.5939465 ], [ 5.7504782, 51.6226834 ], [ 5.7476761, 51.632668 ], [ 5.7903503, 51.6499376 ], [ 5.842805, 51.6799703 ], [ 5.8599033, 51.6699144 ] ] ] ] } },
{ "type": "Feature", "properties": { "id": 293, "code": "GM1705", "areaname": "Lingewaard", "area_large": 70261612.723469257, "area_small": 66144773.235272884, "surface_in_emp": 0.94140698841629011, "in_empire": 1.0, "distance_from_border": 0.0 }, "geometry": { "type": "MultiPolygon", "coordinates": [ [ [ [ 5.9552254, 51.9487535 ], [ 5.9657755, 51.9387676 ], [ 5.9870626, 51.9133138 ], [ 6.021803, 51.8963234 ], [ 6.0462847, 51.8709132 ], [ 6.0169157, 51.880986 ], [ 5.9936144, 51.8756697 ], [ 5.9811801, 51.8599474 ], [ 5.9552881, 51.856928 ], [ 5.9210359, 51.8746505 ], [ 5.8867657, 51.865203 ], [ 5.871481, 51.8886524 ], [ 5.8571235, 51.8946209 ], [ 5.8911993, 51.9072635 ], [ 5.8979184, 51.934358 ], [ 5.9318306, 51.9594831 ], [ 5.9552254, 51.9487535 ] ] ] ] } },
{ "type": "Feature", "properties": { "id": 294, "code": "GM1706", "areaname": "Cranendonck", "area_large": 76753175.812858105, "area_small": 76753175.812858105, "surface_in_emp": 1.0, "in_empire": 1.0, "distance_from_border": 42101.29467544052 }, "geometry": { "type": "MultiPolygon", "coordinates": [ [ [ [ 5.6547072, 51.3538773 ], [ 5.6721108, 51.315094 ], [ 5.6439967, 51.2905755 ], [ 5.6259722, 51.2736016 ], [ 5.6187816, 51.2294253 ], [ 5.5660453, 51.2209094 ], [ 5.5548664, 51.2444973 ], [ 5.5579305, 51.2624638 ], [ 5.5157739, 51.2952025 ], [ 5.5679268, 51.3210872 ], [ 5.6053166, 51.3318051 ], [ 5.6312952, 51.3275409 ], [ 5.6399256, 51.3467371 ], [ 5.6547072, 51.3538773 ] ] ] ] } },
{ "type": "Feature", "properties": { "id": 295, "code": "GM1708", "areaname": "Steenwijkerland", "area_large": 319604807.38807917, "area_small": null, "surface_in_emp": null, "in_empire": null, "distance_from_border": 48687.775536072149 }, "geometry": { "type": "MultiPolygon", "coordinates": [ [ [ [ 6.172906, 52.7730543 ], [ 6.1203762, 52.7502425 ], [ 6.158976, 52.6921542 ], [ 6.1195661, 52.6679369 ], [ 6.0855628, 52.6632742 ], [ 6.0548642, 52.6502189 ], [ 6.0175048, 52.6433995 ], [ 5.9841083, 52.6571769 ], [ 5.9338703, 52.6755105 ], [ 5.9651554, 52.6935697 ], [ 5.942555, 52.715002 ], [ 5.9218295, 52.7511697 ], [ 5.8502965, 52.7845308 ], [ 5.8186565, 52.7876357 ], [ 5.795177, 52.8065218 ], [ 5.8197442, 52.8172784 ], [ 5.8435936, 52.8050325 ], [ 5.8762922, 52.8008549 ], [ 5.924202, 52.8235898 ], [ 5.9301577, 52.8350129 ], [ 5.9724381, 52.8419167 ], [ 5.9965079, 52.8165615 ], [ 6.0311684, 52.8149907 ], [ 6.1198199, 52.8542149 ], [ 6.1368207, 52.8388254 ], [ 6.2017307, 52.7936961 ], [ 6.172906, 52.7730543 ] ] ] ] } },
{ "type": "Feature", "properties": { "id": 296, "code": "GM1709", "areaname": "Moerdijk", "area_large": 164991111.54815164, "area_small": 123676524.66601005, "surface_in_emp": 0.74959507518631285, "in_empire": 1.0, "distance_from_border": 73671.481016198144 }, "geometry": { "type": "MultiPolygon", "coordinates": [ [ [ [ 4.6451366, 51.7190673 ], [ 4.6669397, 51.6864937 ], [ 4.6973136, 51.6877175 ], [ 4.7098789, 51.6732719 ], [ 4.6849923, 51.6662898 ], [ 4.6990597, 51.6380732 ], [ 4.6650716, 51.6343192 ], [ 4.6292061, 51.6240483 ], [ 4.6012332, 51.6252389 ], [ 4.5604374, 51.6288175 ], [ 4.5191324, 51.6078341 ], [ 4.4804385, 51.6197187 ], [ 4.4378279, 51.6171192 ], [ 4.3763971, 51.6519333 ], [ 4.3877924, 51.6688343 ], [ 4.3944878, 51.693765 ], [ 4.4036376, 51.698713 ], [ 4.4435798, 51.6961783 ], [ 4.4902241, 51.6829799 ], [ 4.5195835, 51.6837101 ], [ 4.601655, 51.6969468 ], [ 4.6364305, 51.7173505 ], [ 4.6368542, 51.7174353 ], [ 4.6438523, 51.718827 ], [ 4.6451366, 51.7190673 ] ] ] ] } },
{ "type": "Feature", "properties": { "id": 297, "code": "GM1711", "areaname": "Echt-Susteren", "area_large": 104573367.75376606, "area_small": 104573367.75376606, "surface_in_emp": 1.0, "in_empire": 1.0, "distance_from_border": 54930.073909497878 }, "geometry": { "type": "MultiPolygon", "coordinates": [ [ [ [ 5.9138883, 51.1331999 ], [ 5.9267548, 51.113774 ], [ 5.9721263, 51.1146944 ], [ 5.9848067, 51.1206551 ], [ 6.0219832, 51.1133713 ], [ 6.0364631, 51.0965314 ], [ 6.0095236, 51.0908442 ], [ 5.9699955, 51.0605162 ], [ 5.9691977, 51.0467722 ], [ 5.9381294, 51.0351172 ], [ 5.9132064, 51.0668821 ], [ 5.8871987, 51.0521792 ], [ 5.8663876, 51.0511197 ], [ 5.8770004, 51.0320418 ], [ 5.8526141, 51.0293181 ], [ 5.8485805, 51.0462829 ], [ 5.8272532, 51.0475582 ], [ 5.8236778, 51.0667316 ], [ 5.7993388, 51.0600718 ], [ 5.8041912, 51.0769254 ], [ 5.7951071, 51.0896227 ], [ 5.8335072, 51.0995553 ], [ 5.8510911, 51.109185 ], [ 5.8722816, 51.1351087 ], [ 5.9138883, 51.1331999 ] ] ] ] } },
{ "type": "Feature", "properties": { "id": 298, "code": "GM1714", "areaname": "Sluis", "area_large": 277898938.0395425, "area_small": 277898938.0395425, "surface_in_emp": 1.0, "in_empire": 1.0, "distance_from_border": 135808.37766344528 }, "geometry": { "type": "MultiPolygon", "coordinates": [ [ [ [ 3.6930506, 51.3652876 ], [ 3.6938144, 51.3524738 ], [ 3.6593982, 51.3511353 ], [ 3.6442319, 51.3417414 ], [ 3.6662042, 51.3198117 ], [ 3.6862837, 51.3215988 ], [ 3.7035824, 51.3099432 ], [ 3.7066106, 51.288826 ], [ 3.6939337, 51.276039 ], [ 3.6581003, 51.2901885 ], [ 3.6408203, 51.2880874 ], [ 3.5908319, 51.3044166 ], [ 3.5154148, 51.2871506 ], [ 3.5280119, 51.2464404 ], [ 3.4503852, 51.2416145 ], [ 3.4074029, 51.2569621 ], [ 3.370287, 51.2919404 ], [ 3.376839, 51.3024482 ], [ 3.3583782, 51.3149814 ], [ 3.3853056, 51.3342586 ], [ 3.3740707, 51.3485078 ], [ 3.3694282, 51.3717782 ], [ 3.4301607, 51.3913564 ], [ 3.436405, 51.3880743 ], [ 3.4878182, 51.3995099 ], [ 3.503098, 51.4061878 ], [ 3.5678596, 51.4006163 ], [ 3.5848168, 51.3878985 ], [ 3.6407536, 51.3759039 ], [ 3.6873969, 51.3712587 ], [ 3.6930506, 51.3652876 ] ] ] ] } },
{ "type": "Feature", "properties": { "id": 299, "code": "GM1719", "areaname": "Drimmelen", "area_large": 118686693.44499207, "area_small": 118640680.92210603, "surface_in_emp": 0.99961231944752627, "in_empire": 1.0, "distance_from_border": 64758.392302567263 }, "geometry": { "type": "MultiPolygon", "coordinates": [ [ [ [ 4.8369047, 51.7126119 ], [ 4.8236104, 51.7112882 ], [ 4.8423679, 51.679654 ], [ 4.7810809, 51.6638856 ], [ 4.7875059, 51.637048 ], [ 4.7695821, 51.6295099 ], [ 4.7385368, 51.6428136 ], [ 4.6990597, 51.6380732 ], [ 4.6849923, 51.6662898 ], [ 4.7098789, 51.6732719 ], [ 4.6973136, 51.6877175 ], [ 4.6669397, 51.6864937 ], [ 4.6451366, 51.7190673 ], [ 4.6763042, 51.7249237 ], [ 4.6985531, 51.721992 ], [ 4.7336509, 51.7365074 ], [ 4.7641994, 51.7598574 ], [ 4.8222761, 51.7538566 ], [ 4.8513285, 51.7561782 ], [ 4.8469377, 51.7255241 ], [ 4.8369047, 51.7126119 ] ] ] ] } },
{ "type": "Feature", "properties": { "id": 300, "code": "GM1721", "areaname": "Bernheze", "area_large": 91400454.505091146, "area_small": 91400454.505091146, "surface_in_emp": 1.0, "in_empire": 1.0, "distance_from_border": 24757.400171105681 }, "geometry": { "type": "MultiPolygon", "coordinates": [ [ [ [ 5.5808812, 51.7314481 ], [ 5.6000652, 51.7084868 ], [ 5.5970406, 51.7019875 ], [ 5.5968375, 51.6909226 ], [ 5.5764126, 51.6799716 ], [ 5.5622397, 51.6631523 ], [ 5.5703003, 51.6514343 ], [ 5.5243968, 51.6304387 ], [ 5.4972025, 51.626686 ], [ 5.4659281, 51.6429012 ], [ 5.4233898, 51.6537831 ], [ 5.4450425, 51.664279 ], [ 5.4568727, 51.6875908 ], [ 5.4698498, 51.6891367 ], [ 5.4847852, 51.7133081 ], [ 5.4742443, 51.7289647 ], [ 5.508995, 51.7371788 ], [ 5.5099376, 51.7373421 ], [ 5.5291386, 51.7404403 ], [ 5.5808812, 51.7314481 ] ] ] ] } },
{ "type": "Feature", "properties": { "id": 301, "code": "GM1723", "areaname": "Alphen-Chaam", "area_large": 97608824.939366102, "area_small": 97608824.939366102, "surface_in_emp": 1.0, "in_empire": 1.0, "distance_from_border": 71255.761368131032 }, "geometry": { "type": "MultiPolygon", "coordinates": [ [ [ [ 4.9625727, 51.5258644 ], [ 4.9922984, 51.5122476 ], [ 4.9879933, 51.4830447 ], [ 5.0165225, 51.4754392 ], [ 5.0104626, 51.4582444 ], [ 4.9771349, 51.4606816 ], [ 4.9446626, 51.4567903 ], [ 4.8912945, 51.4782165 ], [ 4.8418782, 51.4807358 ], [ 4.821143, 51.4830702 ], [ 4.8152054, 51.4948191 ], [ 4.7600233, 51.5023728 ], [ 4.7469951, 51.5154786 ], [ 4.7700605, 51.5273573 ], [ 4.8307695, 51.5503518 ], [ 4.862985, 51.5572696 ], [ 4.8662324, 51.5380666 ], [ 4.9110628, 51.5100813 ], [ 4.9566436, 51.5186766 ], [ 4.9625727, 51.5258644 ] ] ] ] } },
{ "type": "Feature", "properties": { "id": 302, "code": "GM1724", "areaname": "Bergeijk", "area_large": 99856177.653906584, "area_small": 99856177.653906584, "surface_in_emp": 1.0, "in_empire": 1.0, "distance_from_border": 53330.671664293601 }, "geometry": { "type": "MultiPolygon", "coordinates": [ [ [ [ 5.4218012, 51.3834099 ], [ 5.4232074, 51.3748664 ], [ 5.4197034, 51.3592501 ], [ 5.4242907, 51.3307599 ], [ 5.3944596, 51.3089942 ], [ 5.3878036, 51.2852389 ], [ 5.4174115, 51.2622857 ], [ 5.3461403, 51.2757644 ], [ 5.3364756, 51.2630672 ], [ 5.2961538, 51.2614816 ], [ 5.2631198, 51.2668018 ], [ 5.2379142, 51.2613531 ], [ 5.2259719, 51.2682597 ], [ 5.2411185, 51.305665 ], [ 5.2634106, 51.3192818 ], [ 5.2921737, 51.3182375 ], [ 5.3471213, 51.3374532 ], [ 5.3457739, 51.3575171 ], [ 5.388907, 51.3764601 ], [ 5.4218012, 51.3834099 ] ] ] ] } },
{ "type": "Feature", "properties": { "id": 303, "code": "GM1728", "areaname": "Bladel", "area_large": 76008293.888834178, "area_small": 76008293.888834178, "surface_in_emp": 1.0, "in_empire": 1.0, "distance_from_border": 58154.194686873641 }, "geometry": { "type": "MultiPolygon", "coordinates": [ [ [ [ 5.2377047, 51.4285589 ], [ 5.2814267, 51.4049947 ], [ 5.3072952, 51.4061143 ], [ 5.3108659, 51.390715 ], [ 5.289415, 51.3889227 ], [ 5.2752988, 51.362723 ], [ 5.2859725, 51.3363389 ], [ 5.2634106, 51.3192818 ], [ 5.2411185, 51.305665 ], [ 5.2002551, 51.3226612 ], [ 5.1938652, 51.3452261 ], [ 5.1947494, 51.3999552 ], [ 5.19102, 51.4302158 ], [ 5.2066761, 51.4346955 ], [ 5.2377047, 51.4285589 ] ] ] ] } },
{ "type": "Feature", "properties": { "id": 304, "code": "GM1729", "areaname": "Gulpen-Wittem", "area_large": 73585804.331740499, "area_small": 73585804.331740499, "surface_in_emp": 1.0, "in_empire": 1.0, "distance_from_border": 85978.017774120235 }, "geometry": { "type": "MultiPolygon", "coordinates": [ [ [ [ 5.9548162, 50.8459241 ], [ 5.9694187, 50.816858 ], [ 5.9835182, 50.8097297 ], [ 5.9766809, 50.80337 ], [ 5.9420081, 50.7904791 ], [ 5.9357576, 50.7569794 ], [ 5.9214502, 50.7513575 ], [ 5.8897383, 50.7563277 ], [ 5.8862281, 50.7700469 ], [ 5.8450376, 50.7653709 ], [ 5.8442432, 50.7745514 ], [ 5.8208164, 50.7980703 ], [ 5.8641355, 50.8233443 ], [ 5.8594609, 50.8336842 ], [ 5.8879926, 50.8470337 ], [ 5.9548162, 50.8459241 ] ] ] ] } },
{ "type": "Feature", "properties": { "id": 305, "code": "GM1730", "areaname": "Tynaarlo", "area_large": 152447561.30757499, "area_small": null, "surface_in_emp": null, "in_empire": null, "distance_from_border": 103826.0661329476 }, "geometry": { "type": "MultiPolygon", "coordinates": [ [ [ [ 6.6953669, 53.121176 ], [ 6.737451, 53.1194617 ], [ 6.7765094, 53.0947607 ], [ 6.748211, 53.0812328 ], [ 6.6990147, 53.0651736 ], [ 6.6715991, 53.065017 ], [ 6.6423298, 53.0459322 ], [ 6.6485933, 53.0263325 ], [ 6.6312214, 53.0261052 ], [ 6.6035491, 53.0329564 ], [ 6.6001774, 53.0607663 ], [ 6.5552133, 53.0586081 ], [ 6.5473068, 53.035067 ], [ 6.5242292, 53.0458802 ], [ 6.5051301, 53.0463548 ], [ 6.5133564, 53.0722803 ], [ 6.490834, 53.0967994 ], [ 6.4802996, 53.1207867 ], [ 6.5391206, 53.1325565 ], [ 6.5357271, 53.1673773 ], [ 6.513386, 53.196937 ], [ 6.5295289, 53.1951949 ], [ 6.5481883, 53.1810976 ], [ 6.5636875, 53.1576384 ], [ 6.581497, 53.1635307 ], [ 6.6273356, 53.1228332 ], [ 6.6348363, 53.1062021 ], [ 6.6953669, 53.121176 ] ] ] ] } },
{ "type": "Feature", "properties": { "id": 306, "code": "GM1731", "areaname": "Midden-Drenthe", "area_large": 346163638.30505437, "area_small": null, "surface_in_emp": null, "in_empire": null, "distance_from_border": 78429.582954914658 }, "geometry": { "type": "MultiPolygon", "coordinates": [ [ [ [ 6.5615048, 52.9466521 ], [ 6.5858144, 52.919468 ], [ 6.6667339, 52.9094494 ], [ 6.6749857, 52.9050172 ], [ 6.6864989, 52.8752991 ], [ 6.7145639, 52.8681588 ], [ 6.7283798, 52.8538237 ], [ 6.7040532, 52.8469779 ], [ 6.7075981, 52.8363922 ], [ 6.6902106, 52.822672 ], [ 6.6923981, 52.8107525 ], [ 6.6751139, 52.7971358 ], [ 6.6608794, 52.8012326 ], [ 6.5874674, 52.7356899 ], [ 6.5575775, 52.7453501 ], [ 6.5662773, 52.7655769 ], [ 6.5127927, 52.7621007 ], [ 6.490848, 52.7708834 ], [ 6.4918051, 52.7931233 ], [ 6.4554507, 52.8005565 ], [ 6.4800261, 52.8369444 ], [ 6.4512731, 52.8500155 ], [ 6.4308593, 52.8504422 ], [ 6.4310215, 52.8676586 ], [ 6.4199928, 52.8823219 ], [ 6.3595603, 52.8945343 ], [ 6.3855501, 52.9155473 ], [ 6.3690262, 52.9219756 ], [ 6.3934358, 52.9328434 ], [ 6.4276147, 52.9718154 ], [ 6.4132798, 52.9855229 ], [ 6.488212, 53.0054053 ], [ 6.4965952, 52.9832394 ], [ 6.4855021, 52.9729846 ], [ 6.4969717, 52.9515661 ], [ 6.5359147, 52.9325906 ], [ 6.5429975, 52.9553382 ], [ 6.5615048, 52.9466521 ] ] ] ] } },
{ "type": "Feature", "properties": { "id": 307, "code": "GM1734", "areaname": "Overbetuwe", "area_large": 116646092.90490478, "area_small": 116646092.90490478, "surface_in_emp": 1.0, "in_empire": 1.0, "distance_from_border": 4253.9253916711532 }, "geometry": { "type": "MultiPolygon", "coordinates": [ [ [ [ 5.8293395, 51.9608481 ], [ 5.8299272, 51.9452373 ], [ 5.8720973, 51.9414742 ], [ 5.8979184, 51.934358 ], [ 5.8911993, 51.9072635 ], [ 5.8571235, 51.8946209 ], [ 5.8170748, 51.8702654 ], [ 5.7983513, 51.8756861 ], [ 5.7261642, 51.8871501 ], [ 5.7066594, 51.8932916 ], [ 5.7061308, 51.9079888 ], [ 5.6603509, 51.9296122 ], [ 5.665989, 51.9527995 ], [ 5.6819182, 51.9591588 ], [ 5.7226056, 51.9640508 ], [ 5.7462957, 51.97002 ], [ 5.7776106, 51.9591267 ], [ 5.8353426, 51.9735587 ], [ 5.8341913, 51.9627996 ], [ 5.8293395, 51.9608481 ] ] ] ] } },
{ "type": "Feature", "properties": { "id": 308, "code": "GM1735", "areaname": "Hof van Twente", "area_large": 217795510.26697952, "area_small": null, "surface_in_emp": null, "in_empire": null, "distance_from_border": 35819.175894151507 }, "geometry": { "type": "MultiPolygon", "coordinates": [ [ [ [ 6.7123878, 52.2063314 ], [ 6.6974941, 52.196248 ], [ 6.6720504, 52.1981867 ], [ 6.6344538, 52.1859552 ], [ 6.6450407, 52.1741943 ], [ 6.6121472, 52.1631663 ], [ 6.5899537, 52.1824878 ], [ 6.5553495, 52.1772556 ], [ 6.517642, 52.181267 ], [ 6.4924011, 52.1773719 ], [ 6.4790317, 52.1825996 ], [ 6.4293423, 52.2231358 ], [ 6.4164222, 52.2421664 ], [ 6.4296846, 52.251698 ], [ 6.490511, 52.276002 ], [ 6.5225425, 52.2834313 ], [ 6.5540086, 52.283313 ], [ 6.5681181, 52.2701884 ], [ 6.6053977, 52.2707205 ], [ 6.6260663, 52.2899739 ], [ 6.6575198, 52.2948543 ], [ 6.6909402, 52.3083911 ], [ 6.7119921, 52.3036682 ], [ 6.7428865, 52.2831135 ], [ 6.7529595, 52.2523696 ], [ 6.7242814, 52.2527058 ], [ 6.7121397, 52.226029 ], [ 6.7123878, 52.2063314 ] ] ] ] } },
{ "type": "Feature", "properties": { "id": 309, "code": "GM1740", "areaname": "Neder-Betuwe", "area_large": 65271651.477163434, "area_small": 65271651.477163434, "surface_in_emp": 1.0, "in_empire": 1.0, "distance_from_border": 17724.768666817916 }, "geometry": { "type": "MultiPolygon", "coordinates": [ [ [ [ 5.665989, 51.9527995 ], [ 5.6603509, 51.9296122 ], [ 5.7061308, 51.9079888 ], [ 5.7066594, 51.8932916 ], [ 5.6850138, 51.8956485 ], [ 5.5560128, 51.9010357 ], [ 5.5313626, 51.8947534 ], [ 5.5090312, 51.8898449 ], [ 5.4639167, 51.8890089 ], [ 5.455541, 51.9028217 ], [ 5.472451, 51.9080689 ], [ 5.4533845, 51.9227614 ], [ 5.4935571, 51.9185066 ], [ 5.5538767, 51.9229593 ], [ 5.5494448, 51.9423024 ], [ 5.5762974, 51.9429222 ], [ 5.5866166, 51.9508289 ], [ 5.6059396, 51.9431248 ], [ 5.6302886, 51.9364095 ], [ 5.665989, 51.9527995 ] ] ] ] } },
{ "type": "Feature", "properties": { "id": 310, "code": "GM1742", "areaname": "Rijssen-Holten", "area_large": 94978316.342698812, "area_small": null, "surface_in_emp": null, "in_empire": null, "distance_from_border": 33076.00521797379 }, "geometry": { "type": "MultiPolygon", "coordinates": [ [ [ [ 6.5540086, 52.283313 ], [ 6.5225425, 52.2834313 ], [ 6.490511, 52.276002 ], [ 6.4296846, 52.251698 ], [ 6.4164222, 52.2421664 ], [ 6.3818515, 52.2461128 ], [ 6.3707753, 52.2600065 ], [ 6.328842, 52.281103 ], [ 6.3265299, 52.3016315 ], [ 6.3560157, 52.3182188 ], [ 6.421896, 52.32569 ], [ 6.4609199, 52.3200586 ], [ 6.4681895, 52.3264622 ], [ 6.5246714, 52.3256302 ], [ 6.5450891, 52.3183751 ], [ 6.5540086, 52.283313 ] ] ] ] } },
{ "type": "Feature", "properties": { "id": 311, "code": "GM1771", "areaname": "Geldrop-Mierlo", "area_large": 31759108.506060064, "area_small": 31759108.506060064, "surface_in_emp": 1.0, "in_empire": 1.0, "distance_from_border": 35114.520724828544 }, "geometry": { "type": "MultiPolygon", "coordinates": [ [ [ [ 5.5847085, 51.460509 ], [ 5.6172953, 51.4492871 ], [ 5.6564682, 51.4565596 ], [ 5.6390155, 51.4224565 ], [ 5.5987176, 51.4183414 ], [ 5.5642493, 51.4048802 ], [ 5.5258149, 51.4046971 ], [ 5.5251783, 51.427898 ], [ 5.548679, 51.4346773 ], [ 5.5661266, 51.441566 ], [ 5.5847085, 51.460509 ] ] ] ] } },
{ "type": "Feature", "properties": { "id": 312, "code": "GM1773", "areaname": "Olst-Wijhe", "area_large": 118429502.0130372, "area_small": null, "surface_in_emp": null, "in_empire": null, "distance_from_border": 22681.793338980315 }, "geometry": { "type": "MultiPolygon", "coordinates": [ [ [ [ 6.235355, 52.3198202 ], [ 6.2056203, 52.3208551 ], [ 6.1718568, 52.3087854 ], [ 6.1083625, 52.2976668 ], [ 6.1013204, 52.3012248 ], [ 6.0840714, 52.3016859 ], [ 6.0736806, 52.3305692 ], [ 6.0778449, 52.3642971 ], [ 6.0824633, 52.3720693 ], [ 6.1236504, 52.3813182 ], [ 6.1299706, 52.3986033 ], [ 6.1108068, 52.4078126 ], [ 6.1194893, 52.4329257 ], [ 6.10958, 52.4405307 ], [ 6.13966, 52.4416171 ], [ 6.1549148, 52.453183 ], [ 6.1774281, 52.4311493 ], [ 6.2309584, 52.4234996 ], [ 6.2215785, 52.4090889 ], [ 6.2297696, 52.3897281 ], [ 6.2039877, 52.3868991 ], [ 6.1968589, 52.3521116 ], [ 6.2229612, 52.3472367 ], [ 6.235355, 52.3198202 ] ] ] ] } },
{ "type": "Feature", "properties": { "id": 313, "code": "GM1774", "areaname": "Dinkelland", "area_large": 175795743.03852165, "area_small": null, "surface_in_emp": null, "in_empire": null, "distance_from_border": 61296.299745451928 }, "geometry": { "type": "MultiPolygon", "coordinates": [ [ [ [ 7.0722047, 52.3728025 ], [ 7.0078298, 52.3638251 ], [ 6.9709235, 52.3798469 ], [ 6.9626687, 52.3633866 ], [ 6.9702592, 52.3487665 ], [ 6.937531, 52.3328363 ], [ 6.900646, 52.3334602 ], [ 6.8613493, 52.3063669 ], [ 6.8597814, 52.2986744 ], [ 6.8944975, 52.2935381 ], [ 6.9121271, 52.2855057 ], [ 6.8832074, 52.2831706 ], [ 6.8683273, 52.2729618 ], [ 6.8404916, 52.2763115 ], [ 6.846375, 52.291402 ], [ 6.8205037, 52.2985354 ], [ 6.8020388, 52.3135861 ], [ 6.7738418, 52.3189106 ], [ 6.7590354, 52.3320606 ], [ 6.7833944, 52.3601061 ], [ 6.8173872, 52.3650189 ], [ 6.8635845, 52.3637312 ], [ 6.8623469, 52.4076557 ], [ 6.8534778, 52.4270707 ], [ 6.9473004, 52.4366214 ], [ 6.9620368, 52.4447055 ], [ 6.9775338, 52.4656808 ], [ 6.9939071, 52.4654854 ], [ 7.0107824, 52.4291366 ], [ 7.036074, 52.4026626 ], [ 7.0587282, 52.3994102 ], [ 7.0722047, 52.3728025 ] ] ] ] } },
{ "type": "Feature", "properties": { "id": 314, "code": "GM1783", "areaname": "Westland", "area_large": 85611603.720127106, "area_small": 80586620.06323576, "surface_in_emp": 0.94130487645905436, "in_empire": 1.0, "distance_from_border": 51722.925376777217 }, "geometry": { "type": "MultiPolygon", "coordinates": [ [ [ [ 4.3076386, 52.0181514 ], [ 4.3098193, 52.015634 ], [ 4.2652452, 51.9958362 ], [ 4.3018163, 51.9812003 ], [ 4.2765374, 51.965054 ], [ 4.2339574, 51.9533314 ], [ 4.2403172, 51.9428721 ], [ 4.2195288, 51.9413997 ], [ 4.192396, 51.9548059 ], [ 4.1874928, 51.966837 ], [ 4.1472807, 51.9813933 ], [ 4.1250318, 52.0017572 ], [ 4.1874788, 52.0520634 ], [ 4.1961999, 52.0557426 ], [ 4.1998019, 52.0507313 ], [ 4.2124343, 52.0340331 ], [ 4.235054, 52.0392563 ], [ 4.2482171, 52.0252258 ], [ 4.2726627, 52.0359171 ], [ 4.2867734, 52.0229674 ], [ 4.3076386, 52.0181514 ] ] ] ] } },
{ "type": "Feature", "properties": { "id": 315, "code": "GM1842", "areaname": "Midden-Delfland", "area_large": 47284007.250365257, "area_small": 47284007.250365257, "surface_in_emp": 1.0, "in_empire": 1.0, "distance_from_border": 52889.191711763997 }, "geometry": { "type": "MultiPolygon", "coordinates": [ [ [ [ 4.4029334, 51.9663163 ], [ 4.3793095, 51.9634066 ], [ 4.3506714, 51.9515065 ], [ 4.3148431, 51.9368101 ], [ 4.292611, 51.9212363 ], [ 4.259402, 51.928004 ], [ 4.2403172, 51.9428721 ], [ 4.2339574, 51.9533314 ], [ 4.2765374, 51.965054 ], [ 4.3018163, 51.9812003 ], [ 4.2652452, 51.9958362 ], [ 4.3098193, 52.015634 ], [ 4.3259562, 52.0127933 ], [ 4.3411425, 52.0027104 ], [ 4.3241119, 51.9898586 ], [ 4.3382273, 51.9741777 ], [ 4.4029334, 51.9663163 ] ] ] ] } },
{ "type": "Feature", "properties": { "id": 316, "code": "GM1859", "areaname": "Berkelland", "area_large": 260419504.21208644, "area_small": null, "surface_in_emp": null, "in_empire": null, "distance_from_border": 30400.687524073823 }, "geometry": { "type": "MultiPolygon", "coordinates": [ [ [ [ 6.6450407, 52.1741943 ], [ 6.6713389, 52.1656832 ], [ 6.6743948, 52.1427745 ], [ 6.6630035, 52.1300011 ], [ 6.7162724, 52.1182704 ], [ 6.7605723, 52.1187799 ], [ 6.7510869, 52.0854768 ], [ 6.7354706, 52.074634 ], [ 6.695973, 52.0701423 ], [ 6.6879812, 52.0443654 ], [ 6.6618012, 52.0515979 ], [ 6.6589707, 52.0630413 ], [ 6.6062895, 52.0651774 ], [ 6.5962379, 52.0428192 ], [ 6.5715225, 52.0309939 ], [ 6.5391205, 52.0252237 ], [ 6.5172877, 52.0424145 ], [ 6.4800713, 52.0329482 ], [ 6.4621852, 52.0217008 ], [ 6.438539, 52.0250103 ], [ 6.4154483, 52.0508257 ], [ 6.4005388, 52.083811 ], [ 6.4239986, 52.096908 ], [ 6.4552049, 52.1079801 ], [ 6.4811738, 52.1102902 ], [ 6.4921095, 52.1240047 ], [ 6.4812243, 52.1424789 ], [ 6.4924011, 52.1773719 ], [ 6.517642, 52.181267 ], [ 6.5553495, 52.1772556 ], [ 6.5899537, 52.1824878 ], [ 6.6121472, 52.1631663 ], [ 6.6450407, 52.1741943 ] ] ] ] } },
{ "type": "Feature", "properties": { "id": 317, "code": "GM1876", "areaname": "Bronckhorst", "area_large": 287142820.47911906, "area_small": null, "surface_in_emp": null, "in_empire": null, "distance_from_border": 11225.462015068386 }, "geometry": { "type": "MultiPolygon", "coordinates": [ [ [ [ 6.4239986, 52.096908 ], [ 6.4005388, 52.083811 ], [ 6.4154483, 52.0508257 ], [ 6.438539, 52.0250103 ], [ 6.4621852, 52.0217008 ], [ 6.4757728, 51.9881362 ], [ 6.4678505, 51.9782189 ], [ 6.4475018, 51.9697083 ], [ 6.4160819, 51.9726219 ], [ 6.390378, 51.9683279 ], [ 6.3535059, 51.9746751 ], [ 6.3191333, 51.9942607 ], [ 6.2572988, 51.9825285 ], [ 6.2497881, 51.9759647 ], [ 6.1604835, 51.9810367 ], [ 6.1592505, 51.9997398 ], [ 6.1611836, 52.013828 ], [ 6.1765469, 52.0192284 ], [ 6.1755131, 52.0393691 ], [ 6.1520508, 52.0420833 ], [ 6.1215023, 52.0346173 ], [ 6.1157636, 52.0487459 ], [ 6.1374692, 52.0591811 ], [ 6.1707192, 52.0789032 ], [ 6.1782967, 52.0912971 ], [ 6.2178989, 52.0978813 ], [ 6.2359214, 52.1137165 ], [ 6.2582333, 52.1102723 ], [ 6.2775001, 52.1216859 ], [ 6.3283144, 52.1377124 ], [ 6.357721, 52.1355268 ], [ 6.3691393, 52.1239693 ], [ 6.4239986, 52.096908 ] ] ] ] } },
{ "type": "Feature", "properties": { "id": 318, "code": "GM1883", "areaname": "Sittard-Geleen", "area_large": 83036349.693401575, "area_small": 83036349.693401575, "surface_in_emp": 1.0, "in_empire": 1.0, "distance_from_border": 63728.329965244011 }, "geometry": { "type": "MultiPolygon", "coordinates": [ [ [ [ 5.8770004, 51.0320418 ], [ 5.8786611, 51.0182087 ], [ 5.9055174, 51.002172 ], [ 5.8970855, 50.974865 ], [ 5.8735031, 50.9628043 ], [ 5.8452331, 50.963953 ], [ 5.8398916, 50.9501913 ], [ 5.8125133, 50.954835 ], [ 5.7881077, 50.9486063 ], [ 5.7734065, 51.0189992 ], [ 5.7580023, 51.0336657 ], [ 5.7790546, 51.06286 ], [ 5.7993388, 51.0600718 ], [ 5.8236778, 51.0667316 ], [ 5.8272532, 51.0475582 ], [ 5.8485805, 51.0462829 ], [ 5.8526141, 51.0293181 ], [ 5.8770004, 51.0320418 ] ] ] ] } },
{ "type": "Feature", "properties": { "id": 319, "code": "GM1884", "areaname": "Kaag en Braassem", "area_large": 70824885.803746909, "area_small": 70824885.803746909, "surface_in_emp": 1.0, "in_empire": 1.0, "distance_from_border": 23095.771320355154 }, "geometry": { "type": "MultiPolygon", "coordinates": [ [ [ [ 4.7237644, 52.2165737 ], [ 4.728766, 52.2098188 ], [ 4.7075782, 52.2049016 ], [ 4.6889281, 52.191878 ], [ 4.6812094, 52.1675042 ], [ 4.5714809, 52.153109 ], [ 4.5511215, 52.1632374 ], [ 4.5381537, 52.1800847 ], [ 4.5584331, 52.2187985 ], [ 4.6027616, 52.2145583 ], [ 4.6326345, 52.2161843 ], [ 4.6703481, 52.2307558 ], [ 4.6862106, 52.2266335 ], [ 4.7241545, 52.2323713 ], [ 4.7237644, 52.2165737 ] ] ] ] } },
{ "type": "Feature", "properties": { "id": 320, "code": "GM1891", "areaname": "Dantumadiel", "area_large": 85276185.914299965, "area_small": null, "surface_in_emp": null, "in_empire": null, "distance_from_border": 107063.74046128952 }, "geometry": { "type": "MultiPolygon", "coordinates": [ [ [ [ 6.0439656, 53.2435025 ], [ 6.0197907, 53.240914 ], [ 5.9853465, 53.2306583 ], [ 5.9559735, 53.2280563 ], [ 5.9425328, 53.2504754 ], [ 5.9257749, 53.2523532 ], [ 5.8822446, 53.2767825 ], [ 5.9066487, 53.2878393 ], [ 5.8969041, 53.3015257 ], [ 5.9222534, 53.312607 ], [ 5.9638585, 53.322853 ], [ 5.9758527, 53.3069273 ], [ 6.0211243, 53.3090009 ], [ 6.0224378, 53.324031 ], [ 6.0667742, 53.3236352 ], [ 6.0718447, 53.3010286 ], [ 6.0543698, 53.2907596 ], [ 6.0439656, 53.2435025 ] ] ] ] } },
{ "type": "Feature", "properties": { "id": 321, "code": "GM1892", "areaname": "Zuidplas", "area_large": 66402405.814355403, "area_small": 66402405.814355403, "surface_in_emp": 1.0, "in_empire": 1.0, "distance_from_border": 41535.571591914195 }, "geometry": { "type": "MultiPolygon", "coordinates": [ [ [ [ 4.6666066, 52.0129706 ], [ 4.6886845, 51.996258 ], [ 4.667851, 51.9788505 ], [ 4.6326785, 51.9702453 ], [ 4.6460058, 51.9541819 ], [ 4.6347349, 51.9379757 ], [ 4.6194886, 51.9334923 ], [ 4.5839924, 51.965369 ], [ 4.598773, 51.9879686 ], [ 4.5789429, 51.9898607 ], [ 4.5719089, 51.9718688 ], [ 4.5476863, 51.9728066 ], [ 4.5463393, 51.9915142 ], [ 4.5548751, 52.0059486 ], [ 4.565043, 52.0585694 ], [ 4.6074271, 52.0655265 ], [ 4.6073346, 52.045312 ], [ 4.5910894, 52.0350874 ], [ 4.6247357, 52.0147221 ], [ 4.6488127, 52.0205756 ], [ 4.6666066, 52.0129706 ] ] ] ] } },
{ "type": "Feature", "properties": { "id": 322, "code": "GM1894", "areaname": "Peel en Maas", "area_large": 159619597.53245151, "area_small": 159619597.53245151, "surface_in_emp": 1.0, "in_empire": 1.0, "distance_from_border": 24298.71008765931 }, "geometry": { "type": "MultiPolygon", "coordinates": [ [ [ [ 6.0731262, 51.3957292 ], [ 6.0775874, 51.3781728 ], [ 6.0996363, 51.3571321 ], [ 6.1232534, 51.3433698 ], [ 6.1153896, 51.3219995 ], [ 6.0847172, 51.2974544 ], [ 6.0490582, 51.2869239 ], [ 6.0281977, 51.2680563 ], [ 6.0096118, 51.2657591 ], [ 6.0082714, 51.2775294 ], [ 5.9547057, 51.3002802 ], [ 5.9075042, 51.3132516 ], [ 5.8778234, 51.3165777 ], [ 5.8521417, 51.3207023 ], [ 5.8320757, 51.3380465 ], [ 5.8401937, 51.3468771 ], [ 5.8703596, 51.352535 ], [ 5.9312875, 51.3847527 ], [ 5.9578048, 51.3780939 ], [ 6.0187659, 51.3822566 ], [ 6.0731262, 51.3957292 ] ] ] ] } },
{ "type": "Feature", "properties": { "id": 323, "code": "GM1895", "areaname": "Oldambt", "area_large": 242000708.5565567, "area_small": null, "surface_in_emp": null, "in_empire": null, "distance_from_border": 127897.62408545768 }, "geometry": { "type": "MultiPolygon", "coordinates": [ [ [ [ 7.0932497, 53.2571443 ], [ 7.1036129, 53.2522773 ], [ 7.1593693, 53.2460934 ], [ 7.2065767, 53.2368198 ], [ 7.2176228, 53.1978173 ], [ 7.1892442, 53.154883 ], [ 7.1739593, 53.1479313 ], [ 7.1401103, 53.1546065 ], [ 7.1071968, 53.1444162 ], [ 7.0803057, 53.1435722 ], [ 7.0297543, 53.1150971 ], [ 6.987693, 53.1161035 ], [ 6.9652949, 53.1108311 ], [ 6.9503811, 53.1588951 ], [ 6.9292755, 53.1690507 ], [ 6.9037309, 53.166506 ], [ 6.9290048, 53.2130841 ], [ 6.9113442, 53.2430155 ], [ 6.9285912, 53.2370755 ], [ 6.9522308, 53.2564986 ], [ 6.9970116, 53.2671289 ], [ 7.0403069, 53.2598366 ], [ 7.0675031, 53.2423916 ], [ 7.0932497, 53.2571443 ] ] ] ] } },
{ "type": "Feature", "properties": { "id": 324, "code": "GM1896", "areaname": "Zwartewaterland", "area_large": 84842115.935957909, "area_small": null, "surface_in_emp": null, "in_empire": null, "distance_from_border": 40976.705026932737 }, "geometry": { "type": "MultiPolygon", "coordinates": [ [ [ [ 6.1474185, 52.5844082 ], [ 6.1668142, 52.5652522 ], [ 6.1405272, 52.5521024 ], [ 6.1036753, 52.5673525 ], [ 6.0893996, 52.5518406 ], [ 6.0631537, 52.5672799 ], [ 6.0330375, 52.5594035 ], [ 6.0126877, 52.5856364 ], [ 5.9829407, 52.5775138 ], [ 5.9713412, 52.5941573 ], [ 5.9909092, 52.6135088 ], [ 5.9864016, 52.6250177 ], [ 6.0175048, 52.6433995 ], [ 6.0548642, 52.6502189 ], [ 6.0855628, 52.6632742 ], [ 6.1195661, 52.6679369 ], [ 6.1038326, 52.6561405 ], [ 6.0959167, 52.6309412 ], [ 6.1058479, 52.6036963 ], [ 6.1313779, 52.5812463 ], [ 6.1474185, 52.5844082 ] ] ] ] } },
{ "type": "Feature", "properties": { "id": 325, "code": "GM1900", "areaname": "Súdwest-Fryslân", "area_large": 572963184.05182195, "area_small": null, "surface_in_emp": null, "in_empire": null, "distance_from_border": 51472.599769357774 }, "geometry": { "type": "MultiPolygon", "coordinates": [ [ [ [ 5.4721918, 53.1466145 ], [ 5.4843217, 53.1369882 ], [ 5.5276567, 53.1459496 ], [ 5.5508478, 53.1340876 ], [ 5.575311, 53.1342917 ], [ 5.5963314, 53.1259636 ], [ 5.6188718, 53.136118 ], [ 5.6373479, 53.1241491 ], [ 5.6565101, 53.1123655 ], [ 5.680037, 53.1285755 ], [ 5.6961081, 53.1199419 ], [ 5.7305598, 53.1205391 ], [ 5.7574489, 53.1127155 ], [ 5.7882293, 53.0965941 ], [ 5.7713839, 53.0891059 ], [ 5.7750539, 53.0666442 ], [ 5.7660838, 53.0613882 ], [ 5.7710118, 53.0469677 ], [ 5.7554322, 53.0468381 ], [ 5.7367047, 53.0301519 ], [ 5.7389423, 53.0011961 ], [ 5.6874429, 52.9820804 ], [ 5.6881412, 52.9362723 ], [ 5.642455, 52.9361673 ], [ 5.6399783, 52.9224695 ], [ 5.5942598, 52.9154116 ], [ 5.5644739, 52.9473655 ], [ 5.5118315, 52.9269748 ], [ 5.4771203, 52.902586 ], [ 5.501819, 52.8800435 ], [ 5.4770926, 52.8687662 ], [ 5.4325318, 52.87465 ], [ 5.4410046, 52.8509162 ], [ 5.4261262, 52.848135 ], [ 5.3980809, 52.8571005 ], [ 5.3664033, 52.8735484 ], [ 5.3539445, 52.8873551 ], [ 5.3713727, 52.8994003 ], [ 5.4067902, 52.910114 ], [ 5.4010253, 52.9391823 ], [ 5.4127845, 52.963526 ], [ 5.3967967, 53.0028196 ], [ 5.4080941, 53.0202972 ], [ 5.3760655, 53.0547496 ], [ 5.3926293, 53.0631667 ], [ 5.3745994, 53.0910252 ], [ 5.3428985, 53.0737442 ], [ 5.297125, 53.0672426 ], [ 5.1667624, 52.9992591 ], [ 5.1658831, 52.9998672 ], [ 5.2932357, 53.0665525 ], [ 5.3485368, 53.0777049 ], [ 5.3778689, 53.0949378 ], [ 5.3790193, 53.1080614 ], [ 5.4043996, 53.1215259 ], [ 5.4115983, 53.151939 ], [ 5.4721918, 53.1466145 ] ] ] ] } },
{ "type": "Feature", "properties": { "id": 326, "code": "GM1901", "areaname": "Bodegraven-Reeuwijk", "area_large": 90642787.873725474, "area_small": 90642787.873725474, "surface_in_emp": 1.0, "in_empire": 1.0, "distance_from_border": 28868.818441962037 }, "geometry": { "type": "MultiPolygon", "coordinates": [ [ [ [ 4.7920802, 52.1222874 ], [ 4.8253147, 52.1071511 ], [ 4.8262757, 52.0746436 ], [ 4.8403764, 52.0688801 ], [ 4.8732004, 52.0687454 ], [ 4.868225, 52.0634463 ], [ 4.8294903, 52.0498134 ], [ 4.7987002, 52.0222717 ], [ 4.7509913, 52.0138988 ], [ 4.7198523, 52.0264842 ], [ 4.7060393, 52.0401197 ], [ 4.6773115, 52.0439711 ], [ 4.6599677, 52.0641043 ], [ 4.677247, 52.0655205 ], [ 4.7155059, 52.0811884 ], [ 4.7087581, 52.0936439 ], [ 4.7388567, 52.1065074 ], [ 4.7920802, 52.1222874 ] ] ] ] } },
{ "type": "Feature", "properties": { "id": 327, "code": "GM1903", "areaname": "Eijsden-Margraten", "area_large": 78976357.241844296, "area_small": 78976357.241844296, "surface_in_emp": 1.0, "in_empire": 1.0, "distance_from_border": 87591.132316514093 }, "geometry": { "type": "MultiPolygon", "coordinates": [ [ [ [ 5.8594609, 50.8336842 ], [ 5.8641355, 50.8233443 ], [ 5.8208164, 50.7980703 ], [ 5.8442432, 50.7745514 ], [ 5.8450376, 50.7653709 ], [ 5.8073291, 50.7561757 ], [ 5.776944, 50.7826745 ], [ 5.7470886, 50.7704849 ], [ 5.695094, 50.754765 ], [ 5.6828323, 50.7612595 ], [ 5.6973679, 50.7753103 ], [ 5.693817, 50.8104497 ], [ 5.7434838, 50.8213238 ], [ 5.7573404, 50.8552906 ], [ 5.8006672, 50.8483504 ], [ 5.8236098, 50.830358 ], [ 5.8594609, 50.8336842 ] ] ] ] } },
{ "type": "Feature", "properties": { "id": 328, "code": "GM1904", "areaname": "Stichtse Vecht", "area_large": 106028451.83799124, "area_small": 106028451.83799124, "surface_in_emp": 1.0, "in_empire": 1.0, "distance_from_border": 6141.4559842659473 }, "geometry": { "type": "MultiPolygon", "coordinates": [ [ [ [ 5.0644124, 52.2807376 ], [ 5.03307, 52.2752899 ], [ 5.026551, 52.2641986 ], [ 5.0577128, 52.2353426 ], [ 5.0423134, 52.2305317 ], [ 5.0343538, 52.2131175 ], [ 5.0464635, 52.1659291 ], [ 5.1153111, 52.1798163 ], [ 5.1188452, 52.172406 ], [ 5.0948897, 52.155349 ], [ 5.120529, 52.1455411 ], [ 5.1070928, 52.1332112 ], [ 5.0871645, 52.1356715 ], [ 5.0612045, 52.1225618 ], [ 5.0325108, 52.1168366 ], [ 5.0027, 52.1413013 ], [ 4.970096, 52.1224417 ], [ 4.9439161, 52.1275368 ], [ 4.909638, 52.1618709 ], [ 4.9286063, 52.1672001 ], [ 4.9665957, 52.2000523 ], [ 4.9804138, 52.2268474 ], [ 5.0074627, 52.2317045 ], [ 5.0218672, 52.2826533 ], [ 5.0644124, 52.2807376 ] ] ] ] } },
{ "type": "Feature", "properties": { "id": 329, "code": "GM1911", "areaname": "Hollands Kroon", "area_large": 375357904.57871383, "area_small": null, "surface_in_emp": null, "in_empire": null, "distance_from_border": 20695.562273062478 }, "geometry": { "type": "MultiPolygon", "coordinates": [ [ [ [ 5.1041483, 52.7744523 ], [ 5.069723, 52.7681032 ], [ 5.0449987, 52.753133 ], [ 4.9968605, 52.7520653 ], [ 4.9443861, 52.753659 ], [ 4.8986694, 52.7068319 ], [ 4.8476853, 52.7202594 ], [ 4.8495124, 52.7257512 ], [ 4.8068425, 52.770317 ], [ 4.8289964, 52.7753524 ], [ 4.8345734, 52.8077785 ], [ 4.8098731, 52.8362612 ], [ 4.7825626, 52.8514355 ], [ 4.7588553, 52.8486893 ], [ 4.7709389, 52.8786262 ], [ 4.7949092, 52.9125783 ], [ 4.806725, 52.9127143 ], [ 4.8749372, 52.8882904 ], [ 4.9086589, 52.8942452 ], [ 4.9383048, 52.9046311 ], [ 4.968488, 52.9303349 ], [ 5.0541516, 52.9411419 ], [ 5.1658831, 52.9998672 ], [ 5.1667624, 52.9992591 ], [ 5.0388615, 52.9312654 ], [ 5.0485908, 52.9240686 ], [ 5.1139362, 52.8458296 ], [ 5.1041483, 52.7744523 ] ] ] ] } },
{ "type": "Feature", "properties": { "id": 330, "code": "GM1916", "areaname": "Leidschendam-Voorburg", "area_large": 34412293.08336544, "area_small": 34412293.08336544, "surface_in_emp": 1.0, "in_empire": 1.0, "distance_from_border": 38210.588963074231 }, "geometry": { "type": "MultiPolygon", "coordinates": [ [ [ [ 4.4729754, 52.1189516 ], [ 4.4922189, 52.0900098 ], [ 4.4567521, 52.0788148 ], [ 4.4208325, 52.06258 ], [ 4.4039238, 52.077845 ], [ 4.3555187, 52.0680398 ], [ 4.3352132, 52.0750004 ], [ 4.3727093, 52.0947726 ], [ 4.4011591, 52.11187 ], [ 4.4279026, 52.1014702 ], [ 4.4644923, 52.1273112 ], [ 4.4729754, 52.1189516 ] ] ] ] } },
{ "type": "Feature", "properties": { "id": 331, "code": "GM1924", "areaname": "Goeree-Overflakkee", "area_large": 264010808.75661039, "area_small": 194467204.76516715, "surface_in_emp": 0.73658804228899966, "in_empire": 1.0, "distance_from_border": 78608.976268863291 }, "geometry": { "type": "MultiPolygon", "coordinates": [ [ [ [ 3.9562112, 51.7780428 ], [ 3.9045842, 51.7711205 ], [ 3.9342989, 51.7899293 ], [ 3.9562112, 51.7780428 ] ] ], [ [ [ 4.0485964, 51.8320553 ], [ 4.0487912, 51.8318801 ], [ 4.0632841, 51.813472 ], [ 4.1646678, 51.7794241 ], [ 4.1888539, 51.7751159 ], [ 4.2426029, 51.745218 ], [ 4.2628341, 51.7275398 ], [ 4.2985781, 51.7167845 ], [ 4.3294497, 51.7026244 ], [ 4.3837133, 51.7020893 ], [ 4.3978992, 51.7114131 ], [ 4.3982308, 51.7113343 ], [ 4.4036376, 51.698713 ], [ 4.3944878, 51.693765 ], [ 4.3679657, 51.6852678 ], [ 4.3571398, 51.6712181 ], [ 4.280631, 51.6545281 ], [ 4.2324639, 51.6614048 ], [ 4.2201504, 51.6737841 ], [ 4.1891171, 51.6829833 ], [ 4.1573465, 51.682492 ], [ 4.1554798, 51.6834187 ], [ 4.1552285, 51.6965881 ], [ 4.1110196, 51.7078468 ], [ 4.058901, 51.7116418 ], [ 4.0223816, 51.7432988 ], [ 4.0299318, 51.7569532 ], [ 4.0221157, 51.7794434 ], [ 3.9921702, 51.8018359 ], [ 3.9494287, 51.8033797 ], [ 3.8969805, 51.79359 ], [ 3.8855173, 51.779985 ], [ 3.8694985, 51.7811776 ], [ 3.8554261, 51.7578643 ], [ 3.8424773, 51.756305 ], [ 3.8391938, 51.7582306 ], [ 3.8644353, 51.7781254 ], [ 3.8553924, 51.8025097 ], [ 3.8595756, 51.8138986 ], [ 4.0002215, 51.8492979 ], [ 4.0360141, 51.823636 ], [ 4.0485964, 51.8320553 ] ] ] ] } },
{ "type": "Feature", "properties": { "id": 332, "code": "GM1926", "areaname": "Pijnacker-Nootdorp", "area_large": 40668504.029968262, "area_small": 40668504.029968262, "surface_in_emp": 1.0, "in_empire": 1.0, "distance_from_border": 46937.983610438911 }, "geometry": { "type": "MultiPolygon", "coordinates": [ [ [ [ 4.4220724, 52.0516731 ], [ 4.4505641, 52.0492102 ], [ 4.4767061, 52.0316421 ], [ 4.4571992, 52.0221689 ], [ 4.4587281, 52.0022092 ], [ 4.4278984, 51.9764665 ], [ 4.4079109, 51.9681986 ], [ 4.3859157, 52.0048353 ], [ 4.3797353, 52.0267327 ], [ 4.3726579, 52.0409279 ], [ 4.394445, 52.0540539 ], [ 4.4220724, 52.0516731 ] ] ] ] } },
{ "type": "Feature", "properties": { "id": 333, "code": "GM1930", "areaname": "Nissewaard", "area_large": 81713614.244212151, "area_small": 81713614.244212151, "surface_in_emp": 1.0, "in_empire": 1.0, "distance_from_border": 68663.438489603548 }, "geometry": { "type": "MultiPolygon", "coordinates": [ [ [ [ 4.3836645, 51.8421183 ], [ 4.4141724, 51.842789 ], [ 4.4324823, 51.8370461 ], [ 4.3966296, 51.8310346 ], [ 4.3690823, 51.8169814 ], [ 4.3542982, 51.819165 ], [ 4.3058581, 51.8085954 ], [ 4.2957917, 51.8021109 ], [ 4.264369, 51.8033965 ], [ 4.246628, 51.7853393 ], [ 4.2300537, 51.788046 ], [ 4.1942426, 51.8043048 ], [ 4.2123516, 51.8140254 ], [ 4.2202547, 51.8282129 ], [ 4.1971423, 51.8349077 ], [ 4.1852725, 51.8497076 ], [ 4.2393832, 51.8729859 ], [ 4.2650311, 51.8647673 ], [ 4.3355398, 51.8643018 ], [ 4.3536302, 51.8490529 ], [ 4.3836645, 51.8421183 ] ] ] ] } },
{ "type": "Feature", "properties": { "id": 333, "code": "GM1930", "areaname": "Nissewaard", "area_large": 81713614.244212151, "area_small": 23992415.39871785, "surface_in_emp": 0.29361588788635984, "in_empire": 1.0, "distance_from_border": 68663.438489603548 }, "geometry": { "type": "MultiPolygon", "coordinates": [ [ [ [ 4.3836645, 51.8421183 ], [ 4.4141724, 51.842789 ], [ 4.4324823, 51.8370461 ], [ 4.3966296, 51.8310346 ], [ 4.3690823, 51.8169814 ], [ 4.3542982, 51.819165 ], [ 4.3058581, 51.8085954 ], [ 4.2957917, 51.8021109 ], [ 4.264369, 51.8033965 ], [ 4.246628, 51.7853393 ], [ 4.2300537, 51.788046 ], [ 4.1942426, 51.8043048 ], [ 4.2123516, 51.8140254 ], [ 4.2202547, 51.8282129 ], [ 4.1971423, 51.8349077 ], [ 4.1852725, 51.8497076 ], [ 4.2393832, 51.8729859 ], [ 4.2650311, 51.8647673 ], [ 4.3355398, 51.8643018 ], [ 4.3536302, 51.8490529 ], [ 4.3836645, 51.8421183 ] ] ] ] } },
{ "type": "Feature", "properties": { "id": 334, "code": "GM1931", "areaname": "Krimpenerwaard", "area_large": 164285475.50265825, "area_small": 164285475.50265825, "surface_in_emp": 1.0, "in_empire": 1.0, "distance_from_border": 37643.062467465767 }, "geometry": { "type": "MultiPolygon", "coordinates": [ [ [ [ 4.8352178, 51.986143 ], [ 4.8603822, 51.9680135 ], [ 4.8777929, 51.9380307 ], [ 4.8323042, 51.9386388 ], [ 4.8112834, 51.9245546 ], [ 4.7617621, 51.9142169 ], [ 4.7158119, 51.895949 ], [ 4.6733672, 51.8902276 ], [ 4.6195722, 51.8895227 ], [ 4.5763285, 51.9030317 ], [ 4.6430189, 51.9125694 ], [ 4.6177039, 51.9310501 ], [ 4.6194886, 51.9334923 ], [ 4.6347349, 51.9379757 ], [ 4.6460058, 51.9541819 ], [ 4.6326785, 51.9702453 ], [ 4.667851, 51.9788505 ], [ 4.6886845, 51.996258 ], [ 4.7509913, 52.0138988 ], [ 4.7987002, 52.0222717 ], [ 4.8034102, 52.0141445 ], [ 4.8468958, 52.0181817 ], [ 4.8571266, 52.0059595 ], [ 4.8178059, 51.9997669 ], [ 4.8352178, 51.986143 ] ] ] ] } },
{ "type": "Feature", "properties": { "id": 335, "code": "GM1940", "areaname": "De Fryske Marren", "area_large": 418501206.13485801, "area_small": null, "surface_in_emp": null, "in_empire": null, "distance_from_border": 52707.011164694326 }, "geometry": { "type": "MultiPolygon", "coordinates": [ [ [ [ 5.9378469, 52.9117404 ], [ 5.9111634, 52.8978275 ], [ 5.886017, 52.8942394 ], [ 5.8569588, 52.8709753 ], [ 5.8197442, 52.8172784 ], [ 5.795177, 52.8065218 ], [ 5.7488074, 52.8396796 ], [ 5.7130814, 52.8380272 ], [ 5.6851501, 52.8459442 ], [ 5.6575985, 52.8436957 ], [ 5.6437967, 52.8610168 ], [ 5.6184659, 52.8509662 ], [ 5.5852573, 52.8493784 ], [ 5.5673415, 52.8342304 ], [ 5.5448536, 52.833066 ], [ 5.4861789, 52.8491839 ], [ 5.4536656, 52.8547065 ], [ 5.4410046, 52.8509162 ], [ 5.4325318, 52.87465 ], [ 5.4770926, 52.8687662 ], [ 5.501819, 52.8800435 ], [ 5.4771203, 52.902586 ], [ 5.5118315, 52.9269748 ], [ 5.5644739, 52.9473655 ], [ 5.5942598, 52.9154116 ], [ 5.6399783, 52.9224695 ], [ 5.642455, 52.9361673 ], [ 5.6881412, 52.9362723 ], [ 5.6874429, 52.9820804 ], [ 5.7389423, 53.0011961 ], [ 5.7367047, 53.0301519 ], [ 5.7554322, 53.0468381 ], [ 5.7710118, 53.0469677 ], [ 5.796386, 53.0588393 ], [ 5.797947, 53.0498087 ], [ 5.8576031, 53.0170083 ], [ 5.8661269, 52.9997965 ], [ 5.8872674, 52.9815151 ], [ 5.8672152, 52.9786217 ], [ 5.8709706, 52.9644416 ], [ 5.8974156, 52.963077 ], [ 5.9378469, 52.9117404 ] ] ] ] } },
{ "type": "Feature", "properties": { "id": 336, "code": "GM1942", "areaname": "Gooise Meren", "area_large": 49483865.282969892, "area_small": 49302789.753250718, "surface_in_emp": 0.99634071573261895, "in_empire": 1.0, "distance_from_border": 0.0 }, "geometry": { "type": "MultiPolygon", "coordinates": [ [ [ [ 5.1383243, 52.3259017 ], [ 5.1388226, 52.3255185 ], [ 5.1655805, 52.3049577 ], [ 5.2284885, 52.311254 ], [ 5.2295607, 52.3017239 ], [ 5.1977981, 52.3003345 ], [ 5.2011171, 52.2681399 ], [ 5.1621288, 52.2557958 ], [ 5.1376093, 52.2596039 ], [ 5.1412968, 52.277446 ], [ 5.104646, 52.2853847 ], [ 5.0916531, 52.3146439 ], [ 5.0396981, 52.3290465 ], [ 5.0179328, 52.3231923 ], [ 5.0161337, 52.3245121 ], [ 5.027541, 52.3377362 ], [ 5.0936391, 52.3387609 ], [ 5.1383243, 52.3259017 ] ] ] ] } },
{ "type": "Feature", "properties": { "id": 337, "code": "GM1945", "areaname": "Berg en Dal", "area_large": 92958663.46752128, "area_small": 92958663.46752128, "surface_in_emp": 1.0, "in_empire": 1.0, "distance_from_border": 0.0 }, "geometry": { "type": "MultiPolygon", "coordinates": [ [ [ [ 6.0634856, 51.8654512 ], [ 6.0356705, 51.842638 ], [ 5.9867374, 51.8306699 ], [ 5.9629782, 51.836914 ], [ 5.9450447, 51.823544 ], [ 5.9790653, 51.7976507 ], [ 5.9905011, 51.7662773 ], [ 5.9532879, 51.7480242 ], [ 5.9382986, 51.7415931 ], [ 5.9151336, 51.7525366 ], [ 5.8934093, 51.7778529 ], [ 5.8791101, 51.8095299 ], [ 5.8990953, 51.8246158 ], [ 5.8871897, 51.8496191 ], [ 5.8867657, 51.865203 ], [ 5.9210359, 51.8746505 ], [ 5.9552881, 51.856928 ], [ 5.9811801, 51.8599474 ], [ 5.9936144, 51.8756697 ], [ 6.0169157, 51.880986 ], [ 6.0462847, 51.8709132 ], [ 6.0634856, 51.8654512 ] ] ] ] } },
{ "type": "Feature", "properties": { "id": 338, "code": "GM1948", "areaname": "Meierijstad", "area_large": 185078601.16290569, "area_small": 185078601.16290569, "surface_in_emp": 1.0, "in_empire": 1.0, "distance_from_border": 26059.915767413127 }, "geometry": { "type": "MultiPolygon", "coordinates": [ [ [ [ 5.4233898, 51.6537831 ], [ 5.4659281, 51.6429012 ], [ 5.4972025, 51.626686 ], [ 5.5243968, 51.6304387 ], [ 5.5703003, 51.6514343 ], [ 5.6265685, 51.623401 ], [ 5.6429283, 51.6062093 ], [ 5.6513573, 51.5823602 ], [ 5.6524858, 51.5696785 ], [ 5.6217954, 51.5532685 ], [ 5.584341, 51.5627314 ], [ 5.5330831, 51.5578036 ], [ 5.5474373, 51.537732 ], [ 5.5308636, 51.5250487 ], [ 5.5001089, 51.5213771 ], [ 5.4871457, 51.5418484 ], [ 5.4238428, 51.5340551 ], [ 5.4042333, 51.5482917 ], [ 5.3993436, 51.5721946 ], [ 5.3805288, 51.6029019 ], [ 5.3948563, 51.605842 ], [ 5.3749978, 51.6336934 ], [ 5.3795921, 51.6441516 ], [ 5.4233898, 51.6537831 ] ] ] ] } },
{ "type": "Feature", "properties": { "id": 339, "code": "GM1949", "areaname": "Waadhoeke", "area_large": 289318815.43464088, "area_small": null, "surface_in_emp": null, "in_empire": null, "distance_from_border": 81157.58907596377 }, "geometry": { "type": "MultiPolygon", "coordinates": [ [ [ [ 5.7353836, 53.294721 ], [ 5.7213577, 53.2795722 ], [ 5.7336196, 53.248514 ], [ 5.7297688, 53.2352544 ], [ 5.7360902, 53.2060847 ], [ 5.7445742, 53.1978048 ], [ 5.7377861, 53.1725467 ], [ 5.684642, 53.1818258 ], [ 5.6587002, 53.1683163 ], [ 5.6541243, 53.141639 ], [ 5.6373479, 53.1241491 ], [ 5.6188718, 53.136118 ], [ 5.5963314, 53.1259636 ], [ 5.575311, 53.1342917 ], [ 5.5508478, 53.1340876 ], [ 5.5276567, 53.1459496 ], [ 5.4843217, 53.1369882 ], [ 5.4721918, 53.1466145 ], [ 5.4866842, 53.165016 ], [ 5.4802373, 53.1759608 ], [ 5.4851126, 53.1998826 ], [ 5.4580075, 53.200071 ], [ 5.4379893, 53.2098381 ], [ 5.4827193, 53.2406235 ], [ 5.5272886, 53.2573442 ], [ 5.5870164, 53.3004671 ], [ 5.6434455, 53.3190372 ], [ 5.7173689, 53.3389148 ], [ 5.7223912, 53.3223137 ], [ 5.7493011, 53.3135553 ], [ 5.7353836, 53.294721 ] ] ] ] } },
{ "type": "Feature", "properties": { "id": 340, "code": "GM1950", "areaname": "Westerwolde", "area_large": 276193265.91362882, "area_small": null, "surface_in_emp": null, "in_empire": null, "distance_from_border": 111921.67519413629 }, "geometry": { "type": "MultiPolygon", "coordinates": [ [ [ [ 7.1892442, 53.154883 ], [ 7.1789616, 53.1385455 ], [ 7.1831011, 53.12168 ], [ 7.2027935, 53.1134106 ], [ 7.1992193, 53.0813862 ], [ 7.2129321, 53.0110608 ], [ 7.1815155, 52.9415842 ], [ 7.1043707, 52.8639312 ], [ 7.0872579, 52.8498871 ], [ 7.0927397, 52.8381961 ], [ 7.072193, 52.8452109 ], [ 7.0402862, 52.8728182 ], [ 7.0147993, 52.8729866 ], [ 7.0455311, 52.9159155 ], [ 7.0268544, 52.919037 ], [ 7.0362998, 52.929266 ], [ 7.063426, 52.9309705 ], [ 7.0699361, 52.9531891 ], [ 7.0720582, 53.0037867 ], [ 7.1000135, 53.0164444 ], [ 7.0803778, 53.0297495 ], [ 7.0861194, 53.0423469 ], [ 7.0768804, 53.0636906 ], [ 7.033648, 53.0647479 ], [ 7.0154459, 53.0717741 ], [ 7.0426089, 53.101888 ], [ 7.0297543, 53.1150971 ], [ 7.0803057, 53.1435722 ], [ 7.1071968, 53.1444162 ], [ 7.1401103, 53.1546065 ], [ 7.1739593, 53.1479313 ], [ 7.1892442, 53.154883 ] ] ] ] } },
{ "type": "Feature", "properties": { "id": 341, "code": "GM1952", "areaname": "Midden-Groningen", "area_large": 298336934.37371284, "area_small": null, "surface_in_emp": null, "in_empire": null, "distance_from_border": 117705.32249361518 }, "geometry": { "type": "MultiPolygon", "coordinates": [ [ [ [ 6.9113442, 53.2430155 ], [ 6.9290048, 53.2130841 ], [ 6.9037309, 53.166506 ], [ 6.9292755, 53.1690507 ], [ 6.9503811, 53.1588951 ], [ 6.9652949, 53.1108311 ], [ 6.9617353, 53.1100213 ], [ 6.9593391, 53.1201759 ], [ 6.8862536, 53.1285995 ], [ 6.8659289, 53.1243873 ], [ 6.8231011, 53.126219 ], [ 6.801674, 53.1191717 ], [ 6.8139447, 53.0709716 ], [ 6.7765094, 53.0947607 ], [ 6.737451, 53.1194617 ], [ 6.6953669, 53.121176 ], [ 6.6887142, 53.1546111 ], [ 6.6394681, 53.1859807 ], [ 6.6848512, 53.2115928 ], [ 6.6982453, 53.2146675 ], [ 6.7088706, 53.2351772 ], [ 6.708847, 53.2353269 ], [ 6.6983304, 53.2561449 ], [ 6.7725268, 53.2830866 ], [ 6.8143445, 53.2975917 ], [ 6.8145513, 53.2973575 ], [ 6.8458056, 53.290126 ], [ 6.887377, 53.297882 ], [ 6.8873328, 53.2791788 ], [ 6.9090825, 53.2790001 ], [ 6.9113442, 53.2430155 ] ] ] ] } },
{ "type": "Feature", "properties": { "id": 342, "code": "GM1954", "areaname": "Beekdaelen", "area_large": 77515981.321627617, "area_small": 77515981.321627617, "surface_in_emp": 1.0, "in_empire": 1.0, "distance_from_border": 70247.45594539943 }, "geometry": { "type": "MultiPolygon", "coordinates": [ [ [ [ 6.0060535, 50.9575354 ], [ 5.9653569, 50.9609248 ], [ 5.9360291, 50.946325 ], [ 5.92847, 50.9366122 ], [ 5.8955059, 50.920135 ], [ 5.923405, 50.9044057 ], [ 5.8807864, 50.8825302 ], [ 5.8616184, 50.8824175 ], [ 5.7998421, 50.8856729 ], [ 5.8017146, 50.91413 ], [ 5.8415888, 50.9198436 ], [ 5.856488, 50.9433171 ], [ 5.8398916, 50.9501913 ], [ 5.8452331, 50.963953 ], [ 5.8735031, 50.9628043 ], [ 5.8970855, 50.974865 ], [ 5.955185, 50.988417 ], [ 5.9663258, 50.9797694 ], [ 6.0268023, 50.9813094 ], [ 6.0060535, 50.9575354 ] ] ] ] } },
{ "type": "Feature", "properties": { "id": 343, "code": "GM1955", "areaname": "Montferland", "area_large": 106781525.48737121, "area_small": null, "surface_in_emp": null, "in_empire": null, "distance_from_border": 6723.2879942476984 }, "geometry": { "type": "MultiPolygon", "coordinates": [ [ [ [ 6.3057628, 51.938821 ], [ 6.2896531, 51.9254889 ], [ 6.3161427, 51.9127372 ], [ 6.3108661, 51.9000352 ], [ 6.3316329, 51.8748207 ], [ 6.2990063, 51.8678262 ], [ 6.2799068, 51.8740697 ], [ 6.2622231, 51.8682431 ], [ 6.215057, 51.8676262 ], [ 6.1835494, 51.8825312 ], [ 6.1910851, 51.8916571 ], [ 6.1679118, 51.9009419 ], [ 6.0914279, 51.938721 ], [ 6.0903937, 51.9678443 ], [ 6.1052007, 51.9666972 ], [ 6.1446883, 51.9805002 ], [ 6.1625209, 51.9558777 ], [ 6.1932628, 51.9408827 ], [ 6.220753, 51.9445756 ], [ 6.3020664, 51.944134 ], [ 6.3057628, 51.938821 ] ] ] ] } },
{ "type": "Feature", "properties": { "id": 344, "code": "GM1959", "areaname": "Altena", "area_large": 228753651.82788122, "area_small": 228753651.82788122, "surface_in_emp": 1.0, "in_empire": 1.0, "distance_from_border": 54865.008179575874 }, "geometry": { "type": "MultiPolygon", "coordinates": [ [ [ [ 5.0003639, 51.8209334 ], [ 5.0159704, 51.8082219 ], [ 5.0481463, 51.7981139 ], [ 5.0669662, 51.7805532 ], [ 5.0958904, 51.7876476 ], [ 5.1375808, 51.7729053 ], [ 5.1381126, 51.7507263 ], [ 5.1280547, 51.7376071 ], [ 5.0817602, 51.7223444 ], [ 5.0536298, 51.7118178 ], [ 5.0094524, 51.7128194 ], [ 4.9584842, 51.722629 ], [ 4.9179912, 51.7199594 ], [ 4.8730549, 51.7199983 ], [ 4.8369047, 51.7126119 ], [ 4.8469377, 51.7255241 ], [ 4.8513285, 51.7561782 ], [ 4.8222761, 51.7538566 ], [ 4.7641994, 51.7598574 ], [ 4.7336509, 51.7365074 ], [ 4.6985531, 51.721992 ], [ 4.6763042, 51.7249237 ], [ 4.7366308, 51.7555684 ], [ 4.7552397, 51.7816114 ], [ 4.7971941, 51.79977 ], [ 4.8459843, 51.798757 ], [ 4.8846425, 51.8164714 ], [ 4.9269866, 51.828306 ], [ 5.0003639, 51.8209334 ] ] ] ] } },
{ "type": "Feature", "properties": { "id": 345, "code": "GM1960", "areaname": "West Betuwe", "area_large": 227701512.83042073, "area_small": 227701512.83042073, "surface_in_emp": 1.0, "in_empire": 1.0, "distance_from_border": 35907.532028295282 }, "geometry": { "type": "MultiPolygon", "coordinates": [ [ [ [ 5.3390239, 51.8740342 ], [ 5.3282904, 51.8570175 ], [ 5.3796195, 51.8615142 ], [ 5.4152342, 51.851801 ], [ 5.4006332, 51.8376588 ], [ 5.3610959, 51.8057197 ], [ 5.3390321, 51.8065941 ], [ 5.3046003, 51.8239634 ], [ 5.281718, 51.8212075 ], [ 5.2032723, 51.8102407 ], [ 5.1767434, 51.816349 ], [ 5.1404537, 51.8140931 ], [ 5.0898677, 51.8266425 ], [ 5.0507268, 51.818533 ], [ 5.0263518, 51.8188567 ], [ 5.031415, 51.8410848 ], [ 4.9986846, 51.8522772 ], [ 5.026908, 51.8586077 ], [ 5.0591855, 51.8581545 ], [ 5.0553623, 51.8730409 ], [ 5.0812772, 51.8760053 ], [ 5.0884459, 51.8875507 ], [ 5.1127368, 51.8877762 ], [ 5.1424329, 51.9249366 ], [ 5.1759002, 51.9211017 ], [ 5.2076856, 51.9262135 ], [ 5.2331642, 51.9235849 ], [ 5.2550619, 51.9354825 ], [ 5.2795727, 51.9331954 ], [ 5.2736874, 51.9200871 ], [ 5.2948934, 51.9000523 ], [ 5.312045, 51.8959072 ], [ 5.3390239, 51.8740342 ] ] ] ] } },
{ "type": "Feature", "properties": { "id": 346, "code": "GM1961", "areaname": "Vijfheerenlanden", "area_large": 151180040.12893391, "area_small": 151180040.12893391, "surface_in_emp": 1.0, "in_empire": 1.0, "distance_from_border": 33433.321057687877 }, "geometry": { "type": "MultiPolygon", "coordinates": [ [ [ [ 5.1802267, 51.9674483 ], [ 5.1424329, 51.9249366 ], [ 5.1127368, 51.8877762 ], [ 5.0884459, 51.8875507 ], [ 5.0812772, 51.8760053 ], [ 5.0553623, 51.8730409 ], [ 5.0591855, 51.8581545 ], [ 5.026908, 51.8586077 ], [ 5.0237474, 51.8810566 ], [ 4.9994523, 51.8842835 ], [ 4.9949681, 51.9022923 ], [ 4.9561575, 51.9155911 ], [ 4.9392351, 51.9289381 ], [ 4.9263013, 51.9509279 ], [ 4.9398205, 51.96344 ], [ 4.9681018, 51.9593365 ], [ 4.9980735, 51.9778715 ], [ 5.0361275, 51.9713285 ], [ 5.0626381, 51.9912331 ], [ 5.0775352, 51.9974518 ], [ 5.1195632, 51.9999241 ], [ 5.1396768, 51.9939432 ], [ 5.1468832, 51.9768174 ], [ 5.1802267, 51.9674483 ] ] ] ] } },
{ "type": "Feature", "properties": { "id": 347, "code": "GM1963", "areaname": "Hoeksche Waard", "area_large": 282861152.55749571, "area_small": 233784134.08178329, "surface_in_emp": 0.82649784874316812, "in_empire": 1.0, "distance_from_border": 65179.98998844131 }, "geometry": { "type": "MultiPolygon", "coordinates": [ [ [ [ 4.3113115, 51.7471134 ], [ 4.3532623, 51.7366443 ], [ 4.3371067, 51.7266223 ], [ 4.3109077, 51.7276517 ], [ 4.2624968, 51.7465998 ], [ 4.263628, 51.753948 ], [ 4.3113115, 51.7471134 ] ] ], [ [ [ 4.4890943, 51.8353956 ], [ 4.5536087, 51.8298969 ], [ 4.5696316, 51.8113085 ], [ 4.6212216, 51.8008037 ], [ 4.6268404, 51.7847513 ], [ 4.6311261, 51.741746 ], [ 4.623597, 51.7213959 ], [ 4.5579699, 51.704454 ], [ 4.530379, 51.7011613 ], [ 4.467248, 51.7150733 ], [ 4.406153, 51.7220643 ], [ 4.3982308, 51.7113343 ], [ 4.3978992, 51.7114131 ], [ 4.4042416, 51.7233632 ], [ 4.3494994, 51.7433316 ], [ 4.2487185, 51.7658645 ], [ 4.2308889, 51.7792127 ], [ 4.246628, 51.7853393 ], [ 4.264369, 51.8033965 ], [ 4.2957917, 51.8021109 ], [ 4.3058581, 51.8085954 ], [ 4.3542982, 51.819165 ], [ 4.3690823, 51.8169814 ], [ 4.3966296, 51.8310346 ], [ 4.4324823, 51.8370461 ], [ 4.450083, 51.8321735 ], [ 4.4890943, 51.8353956 ] ] ] ] } },
{ "type": "Feature", "properties": { "id": 347, "code": "GM1963", "areaname": "Hoeksche Waard", "area_large": 282861152.55749571, "area_small": 448697.87179946899, "surface_in_emp": 0.0015862831206850312, "in_empire": 0.0, "distance_from_border": 65179.98998844131 }, "geometry": { "type": "MultiPolygon", "coordinates": [ [ [ [ 4.3113115, 51.7471134 ], [ 4.3532623, 51.7366443 ], [ 4.3371067, 51.7266223 ], [ 4.3109077, 51.7276517 ], [ 4.2624968, 51.7465998 ], [ 4.263628, 51.753948 ], [ 4.3113115, 51.7471134 ] ] ], [ [ [ 4.4890943, 51.8353956 ], [ 4.5536087, 51.8298969 ], [ 4.5696316, 51.8113085 ], [ 4.6212216, 51.8008037 ], [ 4.6268404, 51.7847513 ], [ 4.6311261, 51.741746 ], [ 4.623597, 51.7213959 ], [ 4.5579699, 51.704454 ], [ 4.530379, 51.7011613 ], [ 4.467248, 51.7150733 ], [ 4.406153, 51.7220643 ], [ 4.3982308, 51.7113343 ], [ 4.3978992, 51.7114131 ], [ 4.4042416, 51.7233632 ], [ 4.3494994, 51.7433316 ], [ 4.2487185, 51.7658645 ], [ 4.2308889, 51.7792127 ], [ 4.246628, 51.7853393 ], [ 4.264369, 51.8033965 ], [ 4.2957917, 51.8021109 ], [ 4.3058581, 51.8085954 ], [ 4.3542982, 51.819165 ], [ 4.3690823, 51.8169814 ], [ 4.3966296, 51.8310346 ], [ 4.4324823, 51.8370461 ], [ 4.450083, 51.8321735 ], [ 4.4890943, 51.8353956 ] ] ] ] } },
{ "type": "Feature", "properties": { "id": 348, "code": "GM1966", "areaname": "Het Hogeland", "area_large": 485847073.41436756, "area_small": null, "surface_in_emp": null, "in_empire": null, "distance_from_border": 124389.91727504827 }, "geometry": { "type": "MultiPolygon", "coordinates": [ [ [ [ 6.8742107, 53.4080338 ], [ 6.8437179, 53.4224196 ], [ 6.7924551, 53.4035959 ], [ 6.7786142, 53.4107884 ], [ 6.6970481, 53.3629083 ], [ 6.6642145, 53.3669953 ], [ 6.630397, 53.3625969 ], [ 6.6277417, 53.3522974 ], [ 6.595831, 53.3471413 ], [ 6.6198623, 53.3144282 ], [ 6.6540534, 53.3086446 ], [ 6.619297, 53.2494479 ], [ 6.552397, 53.2621786 ], [ 6.5082404, 53.2575741 ], [ 6.5043736, 53.2953493 ], [ 6.4819326, 53.3169061 ], [ 6.4412932, 53.3168074 ], [ 6.4310967, 53.3282064 ], [ 6.3985675, 53.3191051 ], [ 6.3670091, 53.3215717 ], [ 6.3187634, 53.3174307 ], [ 6.2922416, 53.3384724 ], [ 6.2871354, 53.3419494 ], [ 6.2736633, 53.345788 ], [ 6.2319406, 53.3513871 ], [ 6.252201, 53.3582786 ], [ 6.232402, 53.3668948 ], [ 6.2172727, 53.3640765 ], [ 6.1967252, 53.3906998 ], [ 6.1910132, 53.4106922 ], [ 6.1914709, 53.4110874 ], [ 6.1990824, 53.4078774 ], [ 6.2606586, 53.4139162 ], [ 6.3131945, 53.3976059 ], [ 6.3675854, 53.4163863 ], [ 6.3955191, 53.4206082 ], [ 6.5670236, 53.4351649 ], [ 6.6462767, 53.4553693 ], [ 6.7440866, 53.4659854 ], [ 6.7983644, 53.4550106 ], [ 6.8136942, 53.4632665 ], [ 6.8631573, 53.4506197 ], [ 6.8824598, 53.4400242 ], [ 6.8742107, 53.4080338 ] ] ], [ [ [ 6.4988052, 53.5498529 ], [ 6.5101834, 53.5397517 ], [ 6.4727414, 53.5238175 ], [ 6.4590904, 53.5414322 ], [ 6.4784499, 53.5536182 ], [ 6.4988052, 53.5498529 ] ] ] ] } },
{ "type": "Feature", "properties": { "id": 349, "code": "GM1969", "areaname": "Westerkwartier", "area_large": 367949632.12736857, "area_small": null, "surface_in_emp": null, "in_empire": null, "distance_from_border": 101386.35611601823 }, "geometry": { "type": "MultiPolygon", "coordinates": [ [ [ [ 6.5082404, 53.2575741 ], [ 6.4804746, 53.2455055 ], [ 6.4634614, 53.2000582 ], [ 6.4428668, 53.1877404 ], [ 6.4079703, 53.1781484 ], [ 6.3826123, 53.1495705 ], [ 6.3444429, 53.0871506 ], [ 6.3151574, 53.0940528 ], [ 6.2905656, 53.0998291 ], [ 6.2616846, 53.1142927 ], [ 6.2056098, 53.1154665 ], [ 6.1857167, 53.1292134 ], [ 6.1756776, 53.1350764 ], [ 6.1767504, 53.1595045 ], [ 6.1998306, 53.1953227 ], [ 6.2299884, 53.2178184 ], [ 6.2179782, 53.2419321 ], [ 6.232173, 53.2567474 ], [ 6.2468632, 53.2682958 ], [ 6.2542661, 53.2886428 ], [ 6.2794786, 53.3033244 ], [ 6.2940164, 53.3083686 ], [ 6.2805034, 53.3125815 ], [ 6.286901, 53.3410263 ], [ 6.2884698, 53.3405572 ], [ 6.2905216, 53.3394203 ], [ 6.2922416, 53.3384724 ], [ 6.3187634, 53.3174307 ], [ 6.3670091, 53.3215717 ], [ 6.3985675, 53.3191051 ], [ 6.4310967, 53.3282064 ], [ 6.4412932, 53.3168074 ], [ 6.4819326, 53.3169061 ], [ 6.5043736, 53.2953493 ], [ 6.5082404, 53.2575741 ] ] ] ] } },
{ "type": "Feature", "properties": { "id": 350, "code": "GM1970", "areaname": "Noardeast-Fryslân", "area_large": 389072884.78743327, "area_small": null, "surface_in_emp": null, "in_empire": null, "distance_from_border": 104622.2546549822 }, "geometry": { "type": "MultiPolygon", "coordinates": [ [ [ [ 6.1914709, 53.4110874 ], [ 6.1910132, 53.4106922 ], [ 6.1622053, 53.408323 ], [ 6.1549411, 53.3923125 ], [ 6.1807905, 53.3572949 ], [ 6.2175881, 53.3537196 ], [ 6.22142, 53.3422464 ], [ 6.2536352, 53.3479783 ], [ 6.2730252, 53.3449817 ], [ 6.286901, 53.3410263 ], [ 6.2805034, 53.3125815 ], [ 6.2940164, 53.3083686 ], [ 6.2794786, 53.3033244 ], [ 6.2542661, 53.2886428 ], [ 6.2468632, 53.2682958 ], [ 6.232173, 53.2567474 ], [ 6.1951519, 53.2696083 ], [ 6.1778642, 53.2600747 ], [ 6.1410583, 53.2643829 ], [ 6.0439656, 53.2435025 ], [ 6.0543698, 53.2907596 ], [ 6.0718447, 53.3010286 ], [ 6.0667742, 53.3236352 ], [ 6.0224378, 53.324031 ], [ 6.0211243, 53.3090009 ], [ 5.9758527, 53.3069273 ], [ 5.9638585, 53.322853 ], [ 5.9222534, 53.312607 ], [ 5.8969041, 53.3015257 ], [ 5.9066487, 53.2878393 ], [ 5.8822446, 53.2767825 ], [ 5.8607686, 53.2884938 ], [ 5.8386492, 53.2749493 ], [ 5.8169084, 53.2763891 ], [ 5.7632838, 53.2944911 ], [ 5.7353836, 53.294721 ], [ 5.7493011, 53.3135553 ], [ 5.7223912, 53.3223137 ], [ 5.7173689, 53.3389148 ], [ 5.7916723, 53.3624115 ], [ 5.8308165, 53.3709386 ], [ 5.8878733, 53.3908667 ], [ 5.9331309, 53.3883081 ], [ 6.0156492, 53.4029267 ], [ 6.0948238, 53.40807 ], [ 6.1390726, 53.403524 ], [ 6.1768709, 53.4146548 ], [ 6.1914709, 53.4110874 ] ] ] ] } },
{ "type": "Feature", "properties": { "id": 351, "code": "GM1978", "areaname": "Molenlanden", "area_large": 193631569.82324743, "area_small": 193631569.82324743, "surface_in_emp": 1.0, "in_empire": 1.0, "distance_from_border": 42664.981579037871 }, "geometry": { "type": "MultiPolygon", "coordinates": [ [ [ [ 5.026908, 51.8586077 ], [ 4.9986846, 51.8522772 ], [ 4.9593096, 51.8628849 ], [ 4.9383987, 51.8636294 ], [ 4.9427144, 51.8447841 ], [ 4.9248638, 51.8397184 ], [ 4.8827738, 51.833094 ], [ 4.8479495, 51.8326173 ], [ 4.8380821, 51.8607347 ], [ 4.8033785, 51.8463534 ], [ 4.7427639, 51.8410027 ], [ 4.7066969, 51.8410711 ], [ 4.6831907, 51.8484915 ], [ 4.6812631, 51.8589214 ], [ 4.7002397, 51.8797099 ], [ 4.6644388, 51.8749484 ], [ 4.6263911, 51.8806578 ], [ 4.6195722, 51.8895227 ], [ 4.6733672, 51.8902276 ], [ 4.7158119, 51.895949 ], [ 4.7617621, 51.9142169 ], [ 4.8112834, 51.9245546 ], [ 4.8323042, 51.9386388 ], [ 4.8777929, 51.9380307 ], [ 4.9140113, 51.9424359 ], [ 4.9263013, 51.9509279 ], [ 4.9392351, 51.9289381 ], [ 4.9561575, 51.9155911 ], [ 4.9949681, 51.9022923 ], [ 4.9994523, 51.8842835 ], [ 5.0237474, 51.8810566 ], [ 5.026908, 51.8586077 ] ] ] ] } },
{ "type": "Feature", "properties": { "id": 352, "code": "GM1979", "areaname": "Eemsdelta", "area_large": 273330349.71186578, "area_small": null, "surface_in_emp": null, "in_empire": null, "distance_from_border": 133550.77205064229 }, "geometry": { "type": "MultiPolygon", "coordinates": [ [ [ [ 6.8742107, 53.4080338 ], [ 6.8880581, 53.3959589 ], [ 6.8971261, 53.3555834 ], [ 6.9343141, 53.3330749 ], [ 6.9683148, 53.3190048 ], [ 7.026995, 53.3024592 ], [ 7.0841681, 53.2975596 ], [ 7.0783314, 53.2665813 ], [ 7.0932497, 53.2571443 ], [ 7.0675031, 53.2423916 ], [ 7.0403069, 53.2598366 ], [ 6.9970116, 53.2671289 ], [ 6.9522308, 53.2564986 ], [ 6.9285912, 53.2370755 ], [ 6.9113442, 53.2430155 ], [ 6.9090825, 53.2790001 ], [ 6.8873328, 53.2791788 ], [ 6.887377, 53.297882 ], [ 6.8458056, 53.290126 ], [ 6.8145513, 53.2973575 ], [ 6.8143445, 53.2975917 ], [ 6.7725268, 53.2830866 ], [ 6.7646206, 53.2981344 ], [ 6.709004, 53.3101185 ], [ 6.6897355, 53.2975395 ], [ 6.6540534, 53.3086446 ], [ 6.6198623, 53.3144282 ], [ 6.595831, 53.3471413 ], [ 6.6277417, 53.3522974 ], [ 6.630397, 53.3625969 ], [ 6.6642145, 53.3669953 ], [ 6.6970481, 53.3629083 ], [ 6.7786142, 53.4107884 ], [ 6.7924551, 53.4035959 ], [ 6.8437179, 53.4224196 ], [ 6.8742107, 53.4080338 ] ] ] ] } }
]
}
